category_id,year,category,category_type,section,source_url
2014-01,2014,Game of the Year,game,standard,https://en.wikipedia.org/wiki/The_Game_Awards_2014
2014-02,2014,Developer of the Year,other,standard,https://en.wikipedia.org/wiki/The_Game_Awards_2014
2014-03,2014,Best Independent Game,game,standard,https://en.wikipedia.org/wiki/The_Game_Awards_2014
2014-04,2014,Best Mobile/Handheld Game,game,standard,https://en.wikipedia.org/wiki/The_Game_Awards_2014
2014-05,2014,Best Narrative,game,standard,https://en.wikipedia.org/wiki/The_Game_Awards_2014
2014-06,2014,Best Score/Soundtrack,game,standard,https://en.wikipedia.org/wiki/The_Game_Awards_2014
2014-07,2014,Best Performance,performance,standard,https://en.wikipedia.org/wiki/The_Game_Awards_2014
2014-08,2014,Games for Change,game,standard,https://en.wikipedia.org/wiki/The_Game_Awards_2014
2014-09,2014,Best Shooter,game,standard,https://en.wikipedia.org/wiki/The_Game_Awards_2014
2014-10,2014,Best Action/Adventure,game,standard,https://en.wikipedia.org/wiki/The_Game_Awards_2014
2014-11,2014,Best Role Playing Game,game,standard,https://en.wikipedia.org/wiki/The_Game_Awards_2014
2014-12,2014,Best Fighting Game,game,standard,https://en.wikipedia.org/wiki/The_Game_Awards_2014
2014-13,2014,Best Family Game,game,standard,https://en.wikipedia.org/wiki/The_Game_Awards_2014
2014-14,2014,Best Sports/Racing Game,game,standard,https://en.wikipedia.org/wiki/The_Game_Awards_2014
2014-15,2014,Best Online Experience,game,standard,https://en.wikipedia.org/wiki/The_Game_Awards_2014
2014-16,2014,Best Remaster,game,standard,https://en.wikipedia.org/wiki/The_Game_Awards_2014
2014-17,2014,Most Anticipated Game,unreleased_game,fan-voted,https://en.wikipedia.org/wiki/The_Game_Awards_2014
2014-18,2014,Esports Player of the Year,person,fan-voted,https://en.wikipedia.org/wiki/The_Game_Awards_2014
2014-19,2014,Esports Team of the Year,other,fan-voted,https://en.wikipedia.org/wiki/The_Game_Awards_2014
2014-20,2014,Trending Gamer,person,fan-voted,https://en.wikipedia.org/wiki/The_Game_Awards_2014
2014-21,2014,Best Fan Creation,other,fan-voted,https://en.wikipedia.org/wiki/The_Game_Awards_2014
2014-22,2014,Industry Icon Award,honorary,honorary,https://en.wikipedia.org/wiki/The_Game_Awards_2014
2015-01,2015,Game of the Year,game,standard,https://en.wikipedia.org/wiki/The_Game_Awards_2015
2015-02,2015,Developer of the Year,other,standard,https://en.wikipedia.org/wiki/The_Game_Awards_2015
2015-03,2015,Best Independent Game,game,standard,https://en.wikipedia.org/wiki/The_Game_Awards_2015
2015-04,2015,Best Mobile/Handheld Game,game,standard,https://en.wikipedia.org/wiki/The_Game_Awards_2015
2015-05,2015,Best Narrative,game,standard,https://en.wikipedia.org/wiki/The_Game_Awards_2015
2015-06,2015,Best Art Direction,game,standard,https://en.wikipedia.org/wiki/The_Game_Awards_2015
2015-07,2015,Best Score/Soundtrack,game,standard,https://en.wikipedia.org/wiki/The_Game_Awards_2015
2015-08,2015,Best Performance,performance,standard,https://en.wikipedia.org/wiki/The_Game_Awards_2015
2015-09,2015,Games for Impact,game,standard,https://en.wikipedia.org/wiki/The_Game_Awards_2015
2015-10,2015,Best Shooter,game,standard,https://en.wikipedia.org/wiki/The_Game_Awards_2015
2015-11,2015,Best Action/Adventure,game,standard,https://en.wikipedia.org/wiki/The_Game_Awards_2015
2015-12,2015,Best Role Playing Game,game,standard,https://en.wikipedia.org/wiki/The_Game_Awards_2015
2015-13,2015,Best Fighting Game,game,standard,https://en.wikipedia.org/wiki/The_Game_Awards_2015
2015-14,2015,Best Family Game,game,standard,https://en.wikipedia.org/wiki/The_Game_Awards_2015
2015-15,2015,Best Sports/Racing Game,game,standard,https://en.wikipedia.org/wiki/The_Game_Awards_2015
2015-16,2015,Best Multiplayer,game,standard,https://en.wikipedia.org/wiki/The_Game_Awards_2015
2015-17,2015,Most Anticipated Game,unreleased_game,standard,https://en.wikipedia.org/wiki/The_Game_Awards_2015
2015-18,2015,Esports Player of the Year,person,standard,https://en.wikipedia.org/wiki/The_Game_Awards_2015
2015-19,2015,Esports Team of the Year,other,standard,https://en.wikipedia.org/wiki/The_Game_Awards_2015
2015-20,2015,Esports Game of the Year,game,standard,https://en.wikipedia.org/wiki/The_Game_Awards_2015
2015-21,2015,Trending Gamer,person,standard,https://en.wikipedia.org/wiki/The_Game_Awards_2015
2015-22,2015,Best Fan Creation,other,standard,https://en.wikipedia.org/wiki/The_Game_Awards_2015
2015-23,2015,Industry Icon Award,honorary,honorary,https://en.wikipedia.org/wiki/The_Game_Awards_2015
2016-01,2016,Game of the Year,game,standard,https://en.wikipedia.org/wiki/The_Game_Awards_2016
2016-02,2016,Best Game Direction,game,standard,https://en.wikipedia.org/wiki/The_Game_Awards_2016
2016-03,2016,Best Narrative,game,standard,https://en.wikipedia.org/wiki/The_Game_Awards_2016
2016-04,2016,Best Art Direction,game,standard,https://en.wikipedia.org/wiki/The_Game_Awards_2016
2016-05,2016,Best Music/Sound Design,game,standard,https://en.wikipedia.org/wiki/The_Game_Awards_2016
2016-06,2016,Best Performance,performance,standard,https://en.wikipedia.org/wiki/The_Game_Awards_2016
2016-07,2016,Games for Impact,game,standard,https://en.wikipedia.org/wiki/The_Game_Awards_2016
2016-08,2016,Best Independent Game,game,standard,https://en.wikipedia.org/wiki/The_Game_Awards_2016
2016-09,2016,Best Mobile/Handheld Game,game,standard,https://en.wikipedia.org/wiki/The_Game_Awards_2016
2016-10,2016,Best VR Game,game,standard,https://en.wikipedia.org/wiki/The_Game_Awards_2016
2016-11,2016,Best Action Game,game,standard,https://en.wikipedia.org/wiki/The_Game_Awards_2016
2016-12,2016,Best Action/Adventure,game,standard,https://en.wikipedia.org/wiki/The_Game_Awards_2016
2016-13,2016,Best Role Playing Game,game,standard,https://en.wikipedia.org/wiki/The_Game_Awards_2016
2016-14,2016,Best Fighting Game,game,standard,https://en.wikipedia.org/wiki/The_Game_Awards_2016
2016-15,2016,Best Strategy Game,game,standard,https://en.wikipedia.org/wiki/The_Game_Awards_2016
2016-16,2016,Best Family Game,game,standard,https://en.wikipedia.org/wiki/The_Game_Awards_2016
2016-17,2016,Best Sports/Racing Game,game,standard,https://en.wikipedia.org/wiki/The_Game_Awards_2016
2016-18,2016,Best Multiplayer,game,standard,https://en.wikipedia.org/wiki/The_Game_Awards_2016
2016-19,2016,Most Anticipated Game,unreleased_game,standard,https://en.wikipedia.org/wiki/The_Game_Awards_2016
2016-20,2016,Trending Gamer,person,standard,https://en.wikipedia.org/wiki/The_Game_Awards_2016
2016-21,2016,Best Fan Creation,other,standard,https://en.wikipedia.org/wiki/The_Game_Awards_2016
2016-22,2016,Esports Player of the Year,person,standard,https://en.wikipedia.org/wiki/The_Game_Awards_2016
2016-23,2016,Esports Team of the Year,other,standard,https://en.wikipedia.org/wiki/The_Game_Awards_2016
2016-24,2016,Esports Game of the Year,game,standard,https://en.wikipedia.org/wiki/The_Game_Awards_2016
2016-25,2016,Industry Icon Award,honorary,honorary,https://en.wikipedia.org/wiki/The_Game_Awards_2016
2017-01,2017,Game of the Year,game,standard,https://en.wikipedia.org/wiki/The_Game_Awards_2017
2017-02,2017,Best Game Direction,game,standard,https://en.wikipedia.org/wiki/The_Game_Awards_2017
2017-03,2017,Best Narrative,game,standard,https://en.wikipedia.org/wiki/The_Game_Awards_2017
2017-04,2017,Best Art Direction,game,standard,https://en.wikipedia.org/wiki/The_Game_Awards_2017
2017-05,2017,Best Score/Music,game,standard,https://en.wikipedia.org/wiki/The_Game_Awards_2017
2017-06,2017,Best Audio Design,game,standard,https://en.wikipedia.org/wiki/The_Game_Awards_2017
2017-07,2017,Best Performance,performance,standard,https://en.wikipedia.org/wiki/The_Game_Awards_2017
2017-08,2017,Games for Impact,game,standard,https://en.wikipedia.org/wiki/The_Game_Awards_2017
2017-09,2017,Best Ongoing Game,game,standard,https://en.wikipedia.org/wiki/The_Game_Awards_2017
2017-10,2017,Best Independent Game,game,standard,https://en.wikipedia.org/wiki/The_Game_Awards_2017
2017-11,2017,Best Mobile Game,game,standard,https://en.wikipedia.org/wiki/The_Game_Awards_2017
2017-12,2017,Best Handheld Game,game,standard,https://en.wikipedia.org/wiki/The_Game_Awards_2017
2017-13,2017,Best VR/AR Game,game,standard,https://en.wikipedia.org/wiki/The_Game_Awards_2017
2017-14,2017,Best Action Game,game,standard,https://en.wikipedia.org/wiki/The_Game_Awards_2017
2017-15,2017,Best Action/Adventure,game,standard,https://en.wikipedia.org/wiki/The_Game_Awards_2017
2017-16,2017,Best Role Playing Game,game,standard,https://en.wikipedia.org/wiki/The_Game_Awards_2017
2017-17,2017,Best Fighting Game,game,standard,https://en.wikipedia.org/wiki/The_Game_Awards_2017
2017-18,2017,Best Family Game,game,standard,https://en.wikipedia.org/wiki/The_Game_Awards_2017
2017-19,2017,Best Strategy Game,game,standard,https://en.wikipedia.org/wiki/The_Game_Awards_2017
2017-20,2017,Best Sports/Racing Game,game,standard,https://en.wikipedia.org/wiki/The_Game_Awards_2017
2017-21,2017,Best Multiplayer,game,standard,https://en.wikipedia.org/wiki/The_Game_Awards_2017
2017-22,2017,Student Game Award,game,standard,https://en.wikipedia.org/wiki/The_Game_Awards_2017
2017-23,2017,Best Debut Indie Game,game,standard,https://en.wikipedia.org/wiki/The_Game_Awards_2017
2017-24,2017,Most Anticipated Game,unreleased_game,standard,https://en.wikipedia.org/wiki/The_Game_Awards_2017
2017-25,2017,Trending Gamer,person,standard,https://en.wikipedia.org/wiki/The_Game_Awards_2017
2017-26,2017,Best Esports Game,game,standard,https://en.wikipedia.org/wiki/The_Game_Awards_2017
2017-27,2017,Best Esports Player,person,standard,https://en.wikipedia.org/wiki/The_Game_Awards_2017
2017-28,2017,Best Esports Team,other,standard,https://en.wikipedia.org/wiki/The_Game_Awards_2017
2017-29,2017,Chinese Fan Game Award,game,standard,https://en.wikipedia.org/wiki/The_Game_Awards_2017
2017-30,2017,Industry Icon Award,honorary,honorary,https://en.wikipedia.org/wiki/The_Game_Awards_2017
2018-01,2018,Game of the Year,game,standard,https://en.wikipedia.org/wiki/The_Game_Awards_2018
2018-02,2018,Best Game Direction,game,standard,https://en.wikipedia.org/wiki/The_Game_Awards_2018
2018-03,2018,Best Narrative,game,standard,https://en.wikipedia.org/wiki/The_Game_Awards_2018
2018-04,2018,Best Art Direction,game,standard,https://en.wikipedia.org/wiki/The_Game_Awards_2018
2018-05,2018,Best Score/Music,game,standard,https://en.wikipedia.org/wiki/The_Game_Awards_2018
2018-06,2018,Best Audio Design,game,standard,https://en.wikipedia.org/wiki/The_Game_Awards_2018
2018-07,2018,Best Performance,performance,standard,https://en.wikipedia.org/wiki/The_Game_Awards_2018
2018-08,2018,Games for Impact,game,standard,https://en.wikipedia.org/wiki/The_Game_Awards_2018
2018-09,2018,Best Ongoing Game,game,standard,https://en.wikipedia.org/wiki/The_Game_Awards_2018
2018-10,2018,Best Independent Game,game,standard,https://en.wikipedia.org/wiki/The_Game_Awards_2018
2018-11,2018,Best Mobile Game,game,standard,https://en.wikipedia.org/wiki/The_Game_Awards_2018
2018-12,2018,Best VR/AR Game,game,standard,https://en.wikipedia.org/wiki/The_Game_Awards_2018
2018-13,2018,Best Action Game,game,standard,https://en.wikipedia.org/wiki/The_Game_Awards_2018
2018-14,2018,Best Action/Adventure Game,game,standard,https://en.wikipedia.org/wiki/The_Game_Awards_2018
2018-15,2018,Best Role Playing Game,game,standard,https://en.wikipedia.org/wiki/The_Game_Awards_2018
2018-16,2018,Best Fighting Game,game,standard,https://en.wikipedia.org/wiki/The_Game_Awards_2018
2018-17,2018,Best Family Game,game,standard,https://en.wikipedia.org/wiki/The_Game_Awards_2018
2018-18,2018,Best Strategy Game,game,standard,https://en.wikipedia.org/wiki/The_Game_Awards_2018
2018-19,2018,Best Sports/Racing Game,game,standard,https://en.wikipedia.org/wiki/The_Game_Awards_2018
2018-20,2018,Best Multiplayer Game,game,standard,https://en.wikipedia.org/wiki/The_Game_Awards_2018
2018-21,2018,Best Student Game,game,standard,https://en.wikipedia.org/wiki/The_Game_Awards_2018
2018-22,2018,Best Debut Indie Game,game,standard,https://en.wikipedia.org/wiki/The_Game_Awards_2018
2018-23,2018,Best Esports Game,game,standard,https://en.wikipedia.org/wiki/The_Game_Awards_2018
2018-24,2018,Best Esports Player,person,standard,https://en.wikipedia.org/wiki/The_Game_Awards_2018
2018-25,2018,Best Esports Team,other,standard,https://en.wikipedia.org/wiki/The_Game_Awards_2018
2018-26,2018,Best Esports Coach,person,standard,https://en.wikipedia.org/wiki/The_Game_Awards_2018
2018-27,2018,Best Esports Event,other,standard,https://en.wikipedia.org/wiki/The_Game_Awards_2018
2018-28,2018,Best Esports Host,person,standard,https://en.wikipedia.org/wiki/The_Game_Awards_2018
2018-29,2018,Best Esports Moment,other,standard,https://en.wikipedia.org/wiki/The_Game_Awards_2018
2018-30,2018,Content Creator of the Year,person,standard,https://en.wikipedia.org/wiki/The_Game_Awards_2018
2018-31,2018,Industry Icon Award,honorary,honorary,https://en.wikipedia.org/wiki/The_Game_Awards_2018
2018-32,2018,Global Gaming Citizens,honorary,honorary,https://en.wikipedia.org/wiki/The_Game_Awards_2018
2019-01,2019,Game of the Year,game,standard,https://en.wikipedia.org/wiki/The_Game_Awards_2019
2019-02,2019,Best Game Direction,game,standard,https://en.wikipedia.org/wiki/The_Game_Awards_2019
2019-03,2019,Best Narrative,game,standard,https://en.wikipedia.org/wiki/The_Game_Awards_2019
2019-04,2019,Best Art Direction,game,standard,https://en.wikipedia.org/wiki/The_Game_Awards_2019
2019-05,2019,Best Score/Music,game,standard,https://en.wikipedia.org/wiki/The_Game_Awards_2019
2019-06,2019,Best Audio Design,game,standard,https://en.wikipedia.org/wiki/The_Game_Awards_2019
2019-07,2019,Best Performance,performance,standard,https://en.wikipedia.org/wiki/The_Game_Awards_2019
2019-08,2019,Games for Impact,game,standard,https://en.wikipedia.org/wiki/The_Game_Awards_2019
2019-09,2019,Best Ongoing Game,game,standard,https://en.wikipedia.org/wiki/The_Game_Awards_2019
2019-10,2019,Best Independent Game,game,standard,https://en.wikipedia.org/wiki/The_Game_Awards_2019
2019-11,2019,Best Mobile Game,game,standard,https://en.wikipedia.org/wiki/The_Game_Awards_2019
2019-12,2019,Best VR/AR Game,game,standard,https://en.wikipedia.org/wiki/The_Game_Awards_2019
2019-13,2019,Best Action Game,game,standard,https://en.wikipedia.org/wiki/The_Game_Awards_2019
2019-14,2019,Best Action/Adventure Game,game,standard,https://en.wikipedia.org/wiki/The_Game_Awards_2019
2019-15,2019,Best Role Playing Game,game,standard,https://en.wikipedia.org/wiki/The_Game_Awards_2019
2019-16,2019,Best Fighting Game,game,standard,https://en.wikipedia.org/wiki/The_Game_Awards_2019
2019-17,2019,Best Family Game,game,standard,https://en.wikipedia.org/wiki/The_Game_Awards_2019
2019-18,2019,Best Strategy Game,game,standard,https://en.wikipedia.org/wiki/The_Game_Awards_2019
2019-19,2019,Best Sports/Racing Game,game,standard,https://en.wikipedia.org/wiki/The_Game_Awards_2019
2019-20,2019,Best Multiplayer Game,game,standard,https://en.wikipedia.org/wiki/The_Game_Awards_2019
2019-21,2019,Fresh Indie Game,game,standard,https://en.wikipedia.org/wiki/The_Game_Awards_2019
2019-22,2019,Best Community Support,game,standard,https://en.wikipedia.org/wiki/The_Game_Awards_2019
2019-23,2019,Player's Voice,game,standard,https://en.wikipedia.org/wiki/The_Game_Awards_2019
2019-24,2019,Best Esports Game,game,standard,https://en.wikipedia.org/wiki/The_Game_Awards_2019
2019-25,2019,Best Esports Player,person,standard,https://en.wikipedia.org/wiki/The_Game_Awards_2019
2019-26,2019,Best Esports Team,other,standard,https://en.wikipedia.org/wiki/The_Game_Awards_2019
2019-27,2019,Best Esports Coach,person,standard,https://en.wikipedia.org/wiki/The_Game_Awards_2019
2019-28,2019,Best Esports Event,other,standard,https://en.wikipedia.org/wiki/The_Game_Awards_2019
2019-29,2019,Best Esports Host,person,standard,https://en.wikipedia.org/wiki/The_Game_Awards_2019
2019-30,2019,Content Creator of the Year,person,standard,https://en.wikipedia.org/wiki/The_Game_Awards_2019
2019-31,2019,Global Gaming Citizens,other,standard,https://en.wikipedia.org/wiki/The_Game_Awards_2019
2020-01,2020,Game of the Year,game,standard,https://en.wikipedia.org/wiki/The_Game_Awards_2020
2020-02,2020,Best Game Direction,game,standard,https://en.wikipedia.org/wiki/The_Game_Awards_2020
2020-03,2020,Best Narrative,game,standard,https://en.wikipedia.org/wiki/The_Game_Awards_2020
2020-04,2020,Best Art Direction,game,standard,https://en.wikipedia.org/wiki/The_Game_Awards_2020
2020-05,2020,Best Score and Music,game,standard,https://en.wikipedia.org/wiki/The_Game_Awards_2020
2020-06,2020,Best Audio Design,game,standard,https://en.wikipedia.org/wiki/The_Game_Awards_2020
2020-07,2020,Best Performance,performance,standard,https://en.wikipedia.org/wiki/The_Game_Awards_2020
2020-08,2020,Games for Impact,game,standard,https://en.wikipedia.org/wiki/The_Game_Awards_2020
2020-09,2020,Best Ongoing Game,game,standard,https://en.wikipedia.org/wiki/The_Game_Awards_2020
2020-10,2020,Best Indie Game,game,standard,https://en.wikipedia.org/wiki/The_Game_Awards_2020
2020-11,2020,Best Mobile Game,game,standard,https://en.wikipedia.org/wiki/The_Game_Awards_2020
2020-12,2020,Best Community Support,game,standard,https://en.wikipedia.org/wiki/The_Game_Awards_2020
2020-13,2020,Best VR / AR Game,game,standard,https://en.wikipedia.org/wiki/The_Game_Awards_2020
2020-14,2020,Innovation in Accessibility,game,standard,https://en.wikipedia.org/wiki/The_Game_Awards_2020
2020-15,2020,Best Action Game,game,standard,https://en.wikipedia.org/wiki/The_Game_Awards_2020
2020-16,2020,Best Action/Adventure Game,game,standard,https://en.wikipedia.org/wiki/The_Game_Awards_2020
2020-17,2020,Best Role Playing Game,game,standard,https://en.wikipedia.org/wiki/The_Game_Awards_2020
2020-18,2020,Best Fighting Game,game,standard,https://en.wikipedia.org/wiki/The_Game_Awards_2020
2020-19,2020,Best Family Game,game,standard,https://en.wikipedia.org/wiki/The_Game_Awards_2020
2020-20,2020,Best Sim/Strategy Game,game,standard,https://en.wikipedia.org/wiki/The_Game_Awards_2020
2020-21,2020,Best Sports/Racing Game,game,standard,https://en.wikipedia.org/wiki/The_Game_Awards_2020
2020-22,2020,Best Multiplayer Game,game,standard,https://en.wikipedia.org/wiki/The_Game_Awards_2020
2020-23,2020,Best Debut Game,game,standard,https://en.wikipedia.org/wiki/The_Game_Awards_2020
2020-24,2020,Most Anticipated Game,unreleased_game,standard,https://en.wikipedia.org/wiki/The_Game_Awards_2020
2020-25,2020,Player's Voice,game,standard,https://en.wikipedia.org/wiki/The_Game_Awards_2020
2020-26,2020,Best Esports Game,game,standard,https://en.wikipedia.org/wiki/The_Game_Awards_2020
2020-27,2020,Best Esports Athlete,person,standard,https://en.wikipedia.org/wiki/The_Game_Awards_2020
2020-28,2020,Best Esports Team,other,standard,https://en.wikipedia.org/wiki/The_Game_Awards_2020
2020-29,2020,Best Esports Coach,person,standard,https://en.wikipedia.org/wiki/The_Game_Awards_2020
2020-30,2020,Best Esports Event,other,standard,https://en.wikipedia.org/wiki/The_Game_Awards_2020
2020-31,2020,Best Esports Host,person,standard,https://en.wikipedia.org/wiki/The_Game_Awards_2020
2020-32,2020,Content Creator of the Year,person,standard,https://en.wikipedia.org/wiki/The_Game_Awards_2020
2020-33,2020,Global Gaming Citizens,other,standard,https://en.wikipedia.org/wiki/The_Game_Awards_2020
2021-01,2021,Game of the Year,game,standard,https://en.wikipedia.org/wiki/The_Game_Awards_2021
2021-02,2021,Best Game Direction,game,standard,https://en.wikipedia.org/wiki/The_Game_Awards_2021
2021-03,2021,Best Narrative,game,standard,https://en.wikipedia.org/wiki/The_Game_Awards_2021
2021-04,2021,Best Art Direction,game,standard,https://en.wikipedia.org/wiki/The_Game_Awards_2021
2021-05,2021,Best Score and Music,game,standard,https://en.wikipedia.org/wiki/The_Game_Awards_2021
2021-06,2021,Best Audio Design,game,standard,https://en.wikipedia.org/wiki/The_Game_Awards_2021
2021-07,2021,Best Performance,performance,standard,https://en.wikipedia.org/wiki/The_Game_Awards_2021
2021-08,2021,Games for Impact,game,standard,https://en.wikipedia.org/wiki/The_Game_Awards_2021
2021-09,2021,Best Ongoing Game,game,standard,https://en.wikipedia.org/wiki/The_Game_Awards_2021
2021-10,2021,Best Independent Game,game,standard,https://en.wikipedia.org/wiki/The_Game_Awards_2021
2021-11,2021,Best Mobile Game,game,standard,https://en.wikipedia.org/wiki/The_Game_Awards_2021
2021-12,2021,Best Community Support,game,standard,https://en.wikipedia.org/wiki/The_Game_Awards_2021
2021-13,2021,Best VR / AR Game,game,standard,https://en.wikipedia.org/wiki/The_Game_Awards_2021
2021-14,2021,Innovation in Accessibility,game,standard,https://en.wikipedia.org/wiki/The_Game_Awards_2021
2021-15,2021,Best Action Game,game,standard,https://en.wikipedia.org/wiki/The_Game_Awards_2021
2021-16,2021,Best Action / Adventure Game,game,standard,https://en.wikipedia.org/wiki/The_Game_Awards_2021
2021-17,2021,Best Role Playing Game,game,standard,https://en.wikipedia.org/wiki/The_Game_Awards_2021
2021-18,2021,Best Fighting Game,game,standard,https://en.wikipedia.org/wiki/The_Game_Awards_2021
2021-19,2021,Best Family Game,game,standard,https://en.wikipedia.org/wiki/The_Game_Awards_2021
2021-20,2021,Best Sports / Racing Game,game,standard,https://en.wikipedia.org/wiki/The_Game_Awards_2021
2021-21,2021,Best Sim / Strategy Game,game,standard,https://en.wikipedia.org/wiki/The_Game_Awards_2021
2021-22,2021,Best Multiplayer Game,game,standard,https://en.wikipedia.org/wiki/The_Game_Awards_2021
2021-23,2021,Best Debut Indie Game,game,standard,https://en.wikipedia.org/wiki/The_Game_Awards_2021
2021-24,2021,Most Anticipated Game,unreleased_game,standard,https://en.wikipedia.org/wiki/The_Game_Awards_2021
2021-25,2021,Players' Voice,game,standard,https://en.wikipedia.org/wiki/The_Game_Awards_2021
2021-26,2021,Best Esports Game,game,standard,https://en.wikipedia.org/wiki/The_Game_Awards_2021
2021-27,2021,Best Esports Player,person,standard,https://en.wikipedia.org/wiki/The_Game_Awards_2021
2021-28,2021,Best Esports Team,other,standard,https://en.wikipedia.org/wiki/The_Game_Awards_2021
2021-29,2021,Best Esports Coach,person,standard,https://en.wikipedia.org/wiki/The_Game_Awards_2021
2021-30,2021,Best Esports Event,other,standard,https://en.wikipedia.org/wiki/The_Game_Awards_2021
2021-31,2021,Content Creator of the Year,person,standard,https://en.wikipedia.org/wiki/The_Game_Awards_2021
2021-32,2021,Global Gaming Citizens,other,standard,https://en.wikipedia.org/wiki/The_Game_Awards_2021
2022-01,2022,Game of the Year,game,standard,https://en.wikipedia.org/wiki/The_Game_Awards_2022
2022-02,2022,Best Game Direction,game,standard,https://en.wikipedia.org/wiki/The_Game_Awards_2022
2022-03,2022,Best Narrative,game,standard,https://en.wikipedia.org/wiki/The_Game_Awards_2022
2022-04,2022,Best Art Direction,game,standard,https://en.wikipedia.org/wiki/The_Game_Awards_2022
2022-05,2022,Best Score and Music,game,standard,https://en.wikipedia.org/wiki/The_Game_Awards_2022
2022-06,2022,Best Audio Design,game,standard,https://en.wikipedia.org/wiki/The_Game_Awards_2022
2022-07,2022,Best Performance,performance,standard,https://en.wikipedia.org/wiki/The_Game_Awards_2022
2022-08,2022,Games for Impact,game,standard,https://en.wikipedia.org/wiki/The_Game_Awards_2022
2022-09,2022,Best Ongoing Game,game,standard,https://en.wikipedia.org/wiki/The_Game_Awards_2022
2022-10,2022,Best Independent Game,game,standard,https://en.wikipedia.org/wiki/The_Game_Awards_2022
2022-11,2022,Best Mobile Game,game,standard,https://en.wikipedia.org/wiki/The_Game_Awards_2022
2022-12,2022,Best Community Support,game,standard,https://en.wikipedia.org/wiki/The_Game_Awards_2022
2022-13,2022,Best VR / AR Game,game,standard,https://en.wikipedia.org/wiki/The_Game_Awards_2022
2022-14,2022,Innovation in Accessibility,game,standard,https://en.wikipedia.org/wiki/The_Game_Awards_2022
2022-15,2022,Best Action Game,game,standard,https://en.wikipedia.org/wiki/The_Game_Awards_2022
2022-16,2022,Best Action/Adventure Game,game,standard,https://en.wikipedia.org/wiki/The_Game_Awards_2022
2022-17,2022,Best Role Playing Game,game,standard,https://en.wikipedia.org/wiki/The_Game_Awards_2022
2022-18,2022,Best Fighting Game,game,standard,https://en.wikipedia.org/wiki/The_Game_Awards_2022
2022-19,2022,Best Family Game,game,standard,https://en.wikipedia.org/wiki/The_Game_Awards_2022
2022-20,2022,Best Sports/Racing Game,game,standard,https://en.wikipedia.org/wiki/The_Game_Awards_2022
2022-21,2022,Best Sim/Strategy Game,game,standard,https://en.wikipedia.org/wiki/The_Game_Awards_2022
2022-22,2022,Best Multiplayer Game,game,standard,https://en.wikipedia.org/wiki/The_Game_Awards_2022
2022-23,2022,Best Debut Indie Game,game,standard,https://en.wikipedia.org/wiki/The_Game_Awards_2022
2022-24,2022,Most Anticipated Game,unreleased_game,standard,https://en.wikipedia.org/wiki/The_Game_Awards_2022
2022-25,2022,Best Adaptation,adaptation,standard,https://en.wikipedia.org/wiki/The_Game_Awards_2022
2022-26,2022,Players' Voice,game,standard,https://en.wikipedia.org/wiki/The_Game_Awards_2022
2022-27,2022,Best Esports Game,game,standard,https://en.wikipedia.org/wiki/The_Game_Awards_2022
2022-28,2022,Best Esports Athlete,person,standard,https://en.wikipedia.org/wiki/The_Game_Awards_2022
2022-29,2022,Best Esports Team,other,standard,https://en.wikipedia.org/wiki/The_Game_Awards_2022
2022-30,2022,Best Esports Coach,person,standard,https://en.wikipedia.org/wiki/The_Game_Awards_2022
2022-31,2022,Best Esports Event,other,standard,https://en.wikipedia.org/wiki/The_Game_Awards_2022
2022-32,2022,Content Creator of the Year,person,standard,https://en.wikipedia.org/wiki/The_Game_Awards_2022
2023-01,2023,Game of the Year,game,standard,https://en.wikipedia.org/wiki/The_Game_Awards_2023
2023-02,2023,Best Game Direction,game,standard,https://en.wikipedia.org/wiki/The_Game_Awards_2023
2023-03,2023,Best Narrative,game,standard,https://en.wikipedia.org/wiki/The_Game_Awards_2023
2023-04,2023,Best Art Direction,game,standard,https://en.wikipedia.org/wiki/The_Game_Awards_2023
2023-05,2023,Best Score and Music,game,standard,https://en.wikipedia.org/wiki/The_Game_Awards_2023
2023-06,2023,Best Audio Design,game,standard,https://en.wikipedia.org/wiki/The_Game_Awards_2023
2023-07,2023,Best Performance,performance,standard,https://en.wikipedia.org/wiki/The_Game_Awards_2023
2023-08,2023,Games for Impact,game,standard,https://en.wikipedia.org/wiki/The_Game_Awards_2023
2023-09,2023,Best Independent Game,game,standard,https://en.wikipedia.org/wiki/The_Game_Awards_2023
2023-10,2023,Best Debut Indie Game,game,standard,https://en.wikipedia.org/wiki/The_Game_Awards_2023
2023-11,2023,Best Ongoing Game,game,standard,https://en.wikipedia.org/wiki/The_Game_Awards_2023
2023-12,2023,Best Community Support,game,standard,https://en.wikipedia.org/wiki/The_Game_Awards_2023
2023-13,2023,Best Mobile Game,game,standard,https://en.wikipedia.org/wiki/The_Game_Awards_2023
2023-14,2023,Best VR / AR Game,game,standard,https://en.wikipedia.org/wiki/The_Game_Awards_2023
2023-15,2023,Best Action Game,game,standard,https://en.wikipedia.org/wiki/The_Game_Awards_2023
2023-16,2023,Best Action / Adventure Game,game,standard,https://en.wikipedia.org/wiki/The_Game_Awards_2023
2023-17,2023,Best Role Playing Game,game,standard,https://en.wikipedia.org/wiki/The_Game_Awards_2023
2023-18,2023,Best Fighting Game,game,standard,https://en.wikipedia.org/wiki/The_Game_Awards_2023
2023-19,2023,Best Family Game,game,standard,https://en.wikipedia.org/wiki/The_Game_Awards_2023
2023-20,2023,Best Sim / Strategy Game,game,standard,https://en.wikipedia.org/wiki/The_Game_Awards_2023
2023-21,2023,Best Sports / Racing Game,game,standard,https://en.wikipedia.org/wiki/The_Game_Awards_2023
2023-22,2023,Best Multiplayer Game,game,standard,https://en.wikipedia.org/wiki/The_Game_Awards_2023
2023-23,2023,Innovation in Accessibility,game,standard,https://en.wikipedia.org/wiki/The_Game_Awards_2023
2023-24,2023,Best Adaptation,adaptation,standard,https://en.wikipedia.org/wiki/The_Game_Awards_2023
2023-25,2023,Most Anticipated Game,unreleased_game,standard,https://en.wikipedia.org/wiki/The_Game_Awards_2023
2023-26,2023,Players' Voice,game,standard,https://en.wikipedia.org/wiki/The_Game_Awards_2023
2023-27,2023,Best Esports Game,game,standard,https://en.wikipedia.org/wiki/The_Game_Awards_2023
2023-28,2023,Best Esports Athlete,person,standard,https://en.wikipedia.org/wiki/The_Game_Awards_2023
2023-29,2023,Best Esports Team,other,standard,https://en.wikipedia.org/wiki/The_Game_Awards_2023
2023-30,2023,Best Esports Coach,person,standard,https://en.wikipedia.org/wiki/The_Game_Awards_2023
2023-31,2023,Best Esports Event,other,standard,https://en.wikipedia.org/wiki/The_Game_Awards_2023
2023-32,2023,Content Creator of the Year,person,standard,https://en.wikipedia.org/wiki/The_Game_Awards_2023
2024-01,2024,Game of the Year,game,standard,https://en.wikipedia.org/wiki/The_Game_Awards_2024
2024-02,2024,Best Game Direction,game,standard,https://en.wikipedia.org/wiki/The_Game_Awards_2024
2024-03,2024,Best Narrative,game,standard,https://en.wikipedia.org/wiki/The_Game_Awards_2024
2024-04,2024,Best Art Direction,game,standard,https://en.wikipedia.org/wiki/The_Game_Awards_2024
2024-05,2024,Best Score and Music,game,standard,https://en.wikipedia.org/wiki/The_Game_Awards_2024
2024-06,2024,Best Audio Design,game,standard,https://en.wikipedia.org/wiki/The_Game_Awards_2024
2024-07,2024,Best Performance,performance,standard,https://en.wikipedia.org/wiki/The_Game_Awards_2024
2024-08,2024,Games for Impact,game,standard,https://en.wikipedia.org/wiki/The_Game_Awards_2024
2024-09,2024,Best Independent Game,game,standard,https://en.wikipedia.org/wiki/The_Game_Awards_2024
2024-10,2024,Best Debut Indie Game,game,standard,https://en.wikipedia.org/wiki/The_Game_Awards_2024
2024-11,2024,Best Ongoing Game,game,standard,https://en.wikipedia.org/wiki/The_Game_Awards_2024
2024-12,2024,Best Community Support,game,standard,https://en.wikipedia.org/wiki/The_Game_Awards_2024
2024-13,2024,Best Mobile Game,game,standard,https://en.wikipedia.org/wiki/The_Game_Awards_2024
2024-14,2024,Best VR / AR Game,game,standard,https://en.wikipedia.org/wiki/The_Game_Awards_2024
2024-15,2024,Best Action Game,game,standard,https://en.wikipedia.org/wiki/The_Game_Awards_2024
2024-16,2024,Best Action / Adventure Game,game,standard,https://en.wikipedia.org/wiki/The_Game_Awards_2024
2024-17,2024,Best Role Playing Game,game,standard,https://en.wikipedia.org/wiki/The_Game_Awards_2024
2024-18,2024,Best Fighting Game,game,standard,https://en.wikipedia.org/wiki/The_Game_Awards_2024
2024-19,2024,Best Family Game,game,standard,https://en.wikipedia.org/wiki/The_Game_Awards_2024
2024-20,2024,Best Sim / Strategy Game,game,standard,https://en.wikipedia.org/wiki/The_Game_Awards_2024
2024-21,2024,Best Sports / Racing Game,game,standard,https://en.wikipedia.org/wiki/The_Game_Awards_2024
2024-22,2024,Best Multiplayer Game,game,standard,https://en.wikipedia.org/wiki/The_Game_Awards_2024
2024-23,2024,Innovation in Accessibility,game,standard,https://en.wikipedia.org/wiki/The_Game_Awards_2024
2024-24,2024,Best Adaptation,adaptation,standard,https://en.wikipedia.org/wiki/The_Game_Awards_2024
2024-25,2024,Most Anticipated Game,unreleased_game,standard,https://en.wikipedia.org/wiki/The_Game_Awards_2024
2024-26,2024,Players' Voice,game,standard,https://en.wikipedia.org/wiki/The_Game_Awards_2024
2024-27,2024,Best Esports Game,game,standard,https://en.wikipedia.org/wiki/The_Game_Awards_2024
2024-28,2024,Best Esports Athlete,person,standard,https://en.wikipedia.org/wiki/The_Game_Awards_2024
2024-29,2024,Best Esports Team,other,standard,https://en.wikipedia.org/wiki/The_Game_Awards_2024
2024-30,2024,Content Creator of the Year,person,standard,https://en.wikipedia.org/wiki/The_Game_Awards_2024
2025-01,2025,Game of the Year,game,standard,https://en.wikipedia.org/wiki/The_Game_Awards_2025
2025-02,2025,Best Game Direction,game,standard,https://en.wikipedia.org/wiki/The_Game_Awards_2025
2025-03,2025,Best Narrative,game,standard,https://en.wikipedia.org/wiki/The_Game_Awards_2025
2025-04,2025,Best Art Direction,game,standard,https://en.wikipedia.org/wiki/The_Game_Awards_2025
2025-05,2025,Best Score and Music,game,standard,https://en.wikipedia.org/wiki/The_Game_Awards_2025
2025-06,2025,Best Audio Design,game,standard,https://en.wikipedia.org/wiki/The_Game_Awards_2025
2025-07,2025,Best Performance,performance,standard,https://en.wikipedia.org/wiki/The_Game_Awards_2025
2025-08,2025,Games for Impact,game,standard,https://en.wikipedia.org/wiki/The_Game_Awards_2025
2025-09,2025,Best Independent Game,game,standard,https://en.wikipedia.org/wiki/The_Game_Awards_2025
2025-10,2025,Best Debut Indie Game,game,standard,https://en.wikipedia.org/wiki/The_Game_Awards_2025
2025-11,2025,Best Ongoing Game,game,standard,https://en.wikipedia.org/wiki/The_Game_Awards_2025
2025-12,2025,Best Community Support,game,standard,https://en.wikipedia.org/wiki/The_Game_Awards_2025
2025-13,2025,Best Mobile Game,game,standard,https://en.wikipedia.org/wiki/The_Game_Awards_2025
2025-14,2025,Best VR / AR Game,game,standard,https://en.wikipedia.org/wiki/The_Game_Awards_2025
2025-15,2025,Best Action Game,game,standard,https://en.wikipedia.org/wiki/The_Game_Awards_2025
2025-16,2025,Best Action / Adventure Game,game,standard,https://en.wikipedia.org/wiki/The_Game_Awards_2025
2025-17,2025,Best Role Playing Game,game,standard,https://en.wikipedia.org/wiki/The_Game_Awards_2025
2025-18,2025,Best Fighting Game,game,standard,https://en.wikipedia.org/wiki/The_Game_Awards_2025
2025-19,2025,Best Family Game,game,standard,https://en.wikipedia.org/wiki/The_Game_Awards_2025
2025-20,2025,Best Sim / Strategy Game,game,standard,https://en.wikipedia.org/wiki/The_Game_Awards_2025
2025-21,2025,Best Sports / Racing Game,game,standard,https://en.wikipedia.org/wiki/The_Game_Awards_2025
2025-22,2025,Best Multiplayer Game,game,standard,https://en.wikipedia.org/wiki/The_Game_Awards_2025
2025-23,2025,Innovation in Accessibility,game,standard,https://en.wikipedia.org/wiki/The_Game_Awards_2025
2025-24,2025,Best Adaptation,adaptation,standard,https://en.wikipedia.org/wiki/The_Game_Awards_2025
2025-25,2025,Most Anticipated Game,unreleased_game,standard,https://en.wikipedia.org/wiki/The_Game_Awards_2025
2025-26,2025,Players' Voice,game,standard,https://en.wikipedia.org/wiki/The_Game_Awards_2025
2025-27,2025,Best Esports Game,game,standard,https://en.wikipedia.org/wiki/The_Game_Awards_2025
2025-28,2025,Best Esports Athlete,person,standard,https://en.wikipedia.org/wiki/The_Game_Awards_2025
2025-29,2025,Best Esports Team,other,standard,https://en.wikipedia.org/wiki/The_Game_Awards_2025
2025-30,2025,Content Creator of the Year,person,standard,https://en.wikipedia.org/wiki/The_Game_Awards_2025
2024-31,2024,Game Changer,honorary,honorary,https://en.wikipedia.org/wiki/The_Game_Awards_2024
2025-31,2025,Game Changer,honorary,honorary,https://en.wikipedia.org/wiki/The_Game_Awards_2025
