year,ceremony_date,nominees_announced,eligibility_cutoff,jury_nomination_ballot_sent,jury_nomination_ballot_deadline,jury_nomination_last_update,jury_winner_ballot_sent,public_vote_open,public_vote_first_observed_open,public_vote_open_confidence,public_vote_close,public_vote_close_time,public_vote_close_time_zone,public_vote_close_confidence,players_voice_open,players_voice_close,players_voice_round_2_open,players_voice_round_3_open,jury_winner_weight,public_winner_weight,per_nominee_vote_counts,rules_notes,date_rules_source_url,official_winners_url
2014,2014-12-05,2014-11-20,2014-11-25,,,,,,,unknown,,,,unknown,,,,,,,not_publicly_disclosed,"Separate jury-voted, fan-voted and honorary categories; cutoff after nominee announcement.",https://en.wikipedia.org/wiki/The_Game_Awards_2014,https://thegameawards.com/rewind/year-2014
2015,2015-12-03,2015-11-13,2015-11-24,,,,,,,unknown,,,,unknown,,,,,,,not_publicly_disclosed,Commercial-release cutoff after nominee announcement.,https://en.wikipedia.org/wiki/The_Game_Awards_2015,https://thegameawards.com/rewind/year-2015
2016,2016-12-01,2016-11-16,2016-11-24,,,,,,,unknown,,,,unknown,,,,,,,not_publicly_disclosed,Two fan creations were removed from the published nominations after announcement.,https://en.wikipedia.org/wiki/The_Game_Awards_2016,https://thegameawards.com/rewind/year-2016
2017,2017-12-07,2017-11-14,2017-11-27,,,,,2017-11-14,,documented_secondary,2017-12-06,,,documented_secondary,,,,,0.90,0.10,not_publicly_disclosed,Commercial OR early-access release accepted; Best Ongoing introduced; fan-choice categories public-only.,https://en.wikipedia.org/wiki/The_Game_Awards_2017,https://thegameawards.com/rewind/year-2017
2018,2018-12-06,2018-11-13,2018-11-16,,,,,,2018-11-13,observed_by,,,,unknown,,,,,0.90,0.10,not_publicly_disclosed,Official-site votes shared on social media received extra weighting within the fan-vote calculation.,https://en.wikipedia.org/wiki/The_Game_Awards_2018,https://thegameawards.com/rewind/year-2018
2019,2019-12-12,2019-11-19,2019-11-15,,,,,,2019-11-19,observed_by,,,,unknown,,,,,0.90,0.10,not_publicly_disclosed,Eligibility cutoff precedes nominee announcement; Player's Voice used multiple public rounds.,https://en.wikipedia.org/wiki/The_Game_Awards_2019,https://thegameawards.com/rewind/year-2019
2020,2020-12-10,2020-11-18,2020-11-20,2020-10-29,2020-11-06,2020-11-13,,,2020-11-18,observed_by,2020-12-09,,,documented_secondary,,,,,0.90,0.10,not_publicly_disclosed,Nomination ballots due Nov 6 but updates accepted through Nov 13; Most Anticipated and Player's Voice public-only.,https://en.wikipedia.org/wiki/The_Game_Awards_2020,https://thegameawards.com/rewind/year-2020
2021,2021-12-09,2021-11-16,2021-11-19,,,,,,2021-11-16,observed_by,2021-12-08,,,documented_secondary,,,,,0.90,0.10,not_publicly_disclosed,Specialized juries for accessibility and esports; Players' Voice public-only.,https://en.wikipedia.org/wiki/The_Game_Awards_2021,https://thegameawards.com/rewind/year-2021
2022,2022-12-08,2022-11-14,2022-11-18,,,,,,2022-11-14,observed_by,2022-12-07,,,documented_secondary,2022-11-28,2022-12-07,,,0.90,0.10,not_publicly_disclosed,"Specialized juries for accessibility, adaptation, esports; Players' Voice public-only.",https://en.wikipedia.org/wiki/The_Game_Awards_2022,https://thegameawards.com/rewind/year-2022
2023,2023-12-07,2023-11-13,2023-11-17,,,,,,2023-11-13,observed_by,2023-12-06,18:00,America/Los_Angeles,documented_secondary,2023-11-27,,,,0.90,0.10,not_publicly_disclosed,Players' Voice opened separately from ordinary public voting; older ongoing games and expansions nominated.,https://en.wikipedia.org/wiki/The_Game_Awards_2023,https://thegameawards.com/rewind/year-2023
2024,2024-12-12,2024-11-18,2024-11-22,,2024-11-12,,,2024-11-18,,documented_primary,2024-12-11,18:00,America/Los_Angeles,documented_primary,2024-12-02,,,,0.90,0.10,not_publicly_disclosed,"DLC, expansions, remakes, remasters and seasonal content eligible; Game Changer honorary category added.",https://en.wikipedia.org/wiki/The_Game_Awards_2024,https://thegameawards.com/rewind/year-2024
2025,2025-12-11,2025-11-17,2025-11-21,,,,2025-11-18,,2025-11-17,observed_by,2025-12-10,18:00,America/Los_Angeles,documented_secondary,2025-12-01,,2025-12-04,2025-12-08,0.90,0.10,not_publicly_disclosed,"DLC, expansions, remakes, remasters and seasonal content eligible; withdrawn Debut Indie nomination needs audit.",https://en.wikipedia.org/wiki/The_Game_Awards_2025,https://thegameawards.com/nominees/game-of-the-year
