award_year,winner,winner_release_date,other_nominees_dated,winner_release_rank_oldest_to_newest,winner_minus_others_days
2014,Dragon Age: Inquisition,2014-11-18,4,5/5,153.0
2015,The Witcher 3: Wild Hunt,2015-05-19,4,2/5,-84.25
2016,Overwatch,2016-05-24,4,3/5,-42.0
2017,The Legend of Zelda: Breath of the Wild,2017-03-03,4,2/5,-71.75
2018,God of War,2018-04-20,5,3/6,-65.6
2019,Sekiro: Shadows Die Twice,2019-03-22,5,3/6,-89.0
2020,The Last of Us Part II,2020-06-19,5,4/6,26.8
2021,It Takes Two,2021-03-26,5,1/6,-127.8
2022,Elden Ring,2022-02-25,5,2/6,-156.6
2023,Baldur's Gate 3,2023-08-03,5,3/6,-5.2
2024,Astro Bot,2024-09-06,5,5/6,89.6
2025,Clair Obscur: Expedition 33,2025-04-24,5,2/6,-71.0
