award_year,goty_gap_days,non_goty_categories,non_goty_mean_gap_days,non_goty_median_gap_days,non_goty_winner_later_count,non_goty_winner_earlier_count,non_goty_minus_goty_mean_days,standard_non_goty_categories,standard_non_goty_mean_gap_days,standard_non_goty_median_gap_days
2014,153.0,14,63.8,69.4,9,5,-89.2,14,63.8,69.4
2015,-84.25,15,-23.4,10.8,8,7,60.9,14,-13.2,15.5
2016,-42.0,18,123.1,67.9,13,5,165.1,17,57.9,63.0
2017,-71.75,22,122.2,52.1,16,6,193.9,20,54.8,39.6
2018,-65.6,21,35.3,40.5,12,9,100.9,19,-31.6,6.5
2019,-89.0,23,12.1,59.0,16,7,101.1,19,74.1,59.0
2020,26.8,24,-118.2,-4.2,11,13,-145.0,20,-4.5,4.9
2021,-127.8,24,-142.5,72.0,16,8,-14.7,20,120.1,74.4
2022,-156.6,24,65.8,85.2,16,7,222.4,20,183.9,102.6
2023,-5.2,24,232.8,57.2,15,9,238.0,20,17.8,20.6
2024,89.6,24,-90.4,37.2,15,9,-180.0,20,5.9,37.2
2025,-71.0,24,145.6,1.9,13,11,216.6,20,78.2,-2.0
