year,category,nominee,is_winner,source_url
2025,Best Action,Battlefield 6,0,https://thegameawards.com/nominees/best-action
2025,Best Action,Doom: The Dark Ages,0,https://thegameawards.com/nominees/best-action
2025,Best Action,Hades II,1,https://thegameawards.com/nominees/best-action
2025,Best Action,Ninja Gaiden 4,0,https://thegameawards.com/nominees/best-action
2025,Best Action,Shinobi: Art of Vengeance,0,https://thegameawards.com/nominees/best-action
2025,Best Action Adventure,Death Stranding 2: On the Beach,0,https://thegameawards.com/nominees/best-action-adventure
2025,Best Action Adventure,Ghost of Yōtei,0,https://thegameawards.com/nominees/best-action-adventure
2025,Best Action Adventure,Hollow Knight: Silksong,1,https://thegameawards.com/nominees/best-action-adventure
2025,Best Action Adventure,Indiana Jones and the Great Circle,0,https://thegameawards.com/nominees/best-action-adventure
2025,Best Action Adventure,Split Fiction,0,https://thegameawards.com/nominees/best-action-adventure
2025,Best Adaptation,A Minecraft Movie,0,https://thegameawards.com/nominees/best-adaptation
2025,Best Adaptation,Devil May Cry,0,https://thegameawards.com/nominees/best-adaptation
2025,Best Adaptation,Splinter Cell: Deathwatch,0,https://thegameawards.com/nominees/best-adaptation
2025,Best Adaptation,The Last of Us: Season 2,1,https://thegameawards.com/nominees/best-adaptation
2025,Best Adaptation,Until Dawn,0,https://thegameawards.com/nominees/best-adaptation
2025,Best Art Direction,Clair Obscur: Expedition 33,1,https://thegameawards.com/nominees/best-art-direction
2025,Best Art Direction,Death Stranding 2: On The Beach,0,https://thegameawards.com/nominees/best-art-direction
2025,Best Art Direction,Ghost of Yōtei,0,https://thegameawards.com/nominees/best-art-direction
2025,Best Art Direction,Hades II,0,https://thegameawards.com/nominees/best-art-direction
2025,Best Art Direction,Hollow Knight: Silksong,0,https://thegameawards.com/nominees/best-art-direction
2025,Best Audio Design,Battlefield 6,1,https://thegameawards.com/nominees/best-audio-design
2025,Best Audio Design,Clair Obscur: Expedition 33,0,https://thegameawards.com/nominees/best-audio-design
2025,Best Audio Design,Death Stranding 2: On the Beach,0,https://thegameawards.com/nominees/best-audio-design
2025,Best Audio Design,Ghost of Yōtei,0,https://thegameawards.com/nominees/best-audio-design
2025,Best Audio Design,Silent Hill f,0,https://thegameawards.com/nominees/best-audio-design
2025,Best Community Support,Baldur’s Gate 3,1,https://thegameawards.com/nominees/best-community-support
2025,Best Community Support,Final Fantasy XIV,0,https://thegameawards.com/nominees/best-community-support
2025,Best Community Support,Fortnite,0,https://thegameawards.com/nominees/best-community-support
2025,Best Community Support,Helldivers 2,0,https://thegameawards.com/nominees/best-community-support
2025,Best Community Support,No Man’s Sky,0,https://thegameawards.com/nominees/best-community-support
2025,Best Debut Indie Game,Blue Prince,0,https://thegameawards.com/nominees/best-debut-indie-game
2025,Best Debut Indie Game,Clair Obscur: Expedition 33,1,https://thegameawards.com/nominees/best-debut-indie-game
2025,Best Debut Indie Game,Despelote,0,https://thegameawards.com/nominees/best-debut-indie-game
2025,Best Debut Indie Game,Dispatch,0,https://thegameawards.com/nominees/best-debut-indie-game
2025,Best Esports Athlete,brawk – Brock Somerhalder,0,https://thegameawards.com/nominees/best-esports-athlete
2025,Best Esports Athlete,Chovy – Jeong Ji-hoon,1,https://thegameawards.com/nominees/best-esports-athlete
2025,Best Esports Athlete,f0rsakeN – Jason Susanto,0,https://thegameawards.com/nominees/best-esports-athlete
2025,Best Esports Athlete,Kakeru – Kakeru Watanabe,0,https://thegameawards.com/nominees/best-esports-athlete
2025,Best Esports Athlete,MenaRD – Saul Leonardo,0,https://thegameawards.com/nominees/best-esports-athlete
2025,Best Esports Athlete,Zyw0o – Mathieu Herbaut,0,https://thegameawards.com/nominees/best-esports-athlete
2025,Best Esports Game,Counter-Strike 2,1,https://thegameawards.com/nominees/best-esports-game
2025,Best Esports Game,DOTA 2,0,https://thegameawards.com/nominees/best-esports-game
2025,Best Esports Game,League of Legends,0,https://thegameawards.com/nominees/best-esports-game
2025,Best Esports Game,Mobile Legends: Bang Bang,0,https://thegameawards.com/nominees/best-esports-game
2025,Best Esports Game,Valorant,0,https://thegameawards.com/nominees/best-esports-game
2025,Best Esports Team,Gen.G,0,https://thegameawards.com/nominees/best-esports-team
2025,Best Esports Team,NRG,0,https://thegameawards.com/nominees/best-esports-team
2025,Best Esports Team,Team Falcons,0,https://thegameawards.com/nominees/best-esports-team
2025,Best Esports Team,Team Liquid PH,0,https://thegameawards.com/nominees/best-esports-team
2025,Best Esports Team,Team Vitality,1,https://thegameawards.com/nominees/best-esports-team
2025,Best Family,Donkey Kong Bananza,1,https://thegameawards.com/nominees/best-family
2025,Best Family,LEGO Party!,0,https://thegameawards.com/nominees/best-family
2025,Best Family,LEGO Voyagers,0,https://thegameawards.com/nominees/best-family
2025,Best Family,Mario Kart World,0,https://thegameawards.com/nominees/best-family
2025,Best Family,Sonic Racing: CrossWorlds,0,https://thegameawards.com/nominees/best-family
2025,Best Family,Split Fiction,0,https://thegameawards.com/nominees/best-family
2025,Best Fighting,2XKO,0,https://thegameawards.com/nominees/best-fighting
2025,Best Fighting,Capcom Fighting Collection 2,0,https://thegameawards.com/nominees/best-fighting
2025,Best Fighting,Fatal Fury: City of the Wolves,1,https://thegameawards.com/nominees/best-fighting
2025,Best Fighting,Mortal Kombat: Legacy Kollection,0,https://thegameawards.com/nominees/best-fighting
2025,Best Fighting,Virtua Fighter 5 R.E.V.O. World Stage,0,https://thegameawards.com/nominees/best-fighting
2025,Best Game Direction,Clair Obscur: Expedition 33,1,https://thegameawards.com/nominees/best-game-direction
2025,Best Game Direction,Death Stranding 2: On The Beach,0,https://thegameawards.com/nominees/best-game-direction
2025,Best Game Direction,Ghost of Yōtei,0,https://thegameawards.com/nominees/best-game-direction
2025,Best Game Direction,Hades II,0,https://thegameawards.com/nominees/best-game-direction
2025,Best Game Direction,Split Fiction,0,https://thegameawards.com/nominees/best-game-direction
2025,Best Independent Game,Absolum,0,https://thegameawards.com/nominees/best-independent-game
2025,Best Independent Game,Ball x Pit,0,https://thegameawards.com/nominees/best-independent-game
2025,Best Independent Game,Blue Prince,0,https://thegameawards.com/nominees/best-independent-game
2025,Best Independent Game,Clair Obscur: Expedition 33,1,https://thegameawards.com/nominees/best-independent-game
2025,Best Independent Game,Hades II,0,https://thegameawards.com/nominees/best-independent-game
2025,Best Independent Game,Hollow Knight: Silksong,0,https://thegameawards.com/nominees/best-independent-game
2025,Best Mobile Game,Destiny: Rising,0,https://thegameawards.com/nominees/best-mobile-game
2025,Best Mobile Game,Persona 5: The Phantom X,0,https://thegameawards.com/nominees/best-mobile-game
2025,Best Mobile Game,Sonic Rumble,0,https://thegameawards.com/nominees/best-mobile-game
2025,Best Mobile Game,Umamusume: Pretty Derby,1,https://thegameawards.com/nominees/best-mobile-game
2025,Best Mobile Game,Wuthering Waves,0,https://thegameawards.com/nominees/best-mobile-game
2025,Best Multiplayer,Arc Raiders,1,https://thegameawards.com/nominees/best-multiplayer
2025,Best Multiplayer,Battlefield 6,0,https://thegameawards.com/nominees/best-multiplayer
2025,Best Multiplayer,Elden Ring Nightreign,0,https://thegameawards.com/nominees/best-multiplayer
2025,Best Multiplayer,Peak,0,https://thegameawards.com/nominees/best-multiplayer
2025,Best Multiplayer,Split Fiction,0,https://thegameawards.com/nominees/best-multiplayer
2025,Best Narrative,Clair Obscur: Expedition 33,1,https://thegameawards.com/nominees/best-narrative
2025,Best Narrative,Death Stranding 2: On The Beach,0,https://thegameawards.com/nominees/best-narrative
2025,Best Narrative,Ghost of Yōtei,0,https://thegameawards.com/nominees/best-narrative
2025,Best Narrative,Kingdom Come: Deliverance II,0,https://thegameawards.com/nominees/best-narrative
2025,Best Narrative,Silent Hill f,0,https://thegameawards.com/nominees/best-narrative
2025,Best Ongoing,Final Fantasy XIV,0,https://thegameawards.com/nominees/best-ongoing
2025,Best Ongoing,Fortnite,0,https://thegameawards.com/nominees/best-ongoing
2025,Best Ongoing,Helldivers 2,0,https://thegameawards.com/nominees/best-ongoing
2025,Best Ongoing,Marvel Rivals,0,https://thegameawards.com/nominees/best-ongoing
2025,Best Ongoing,No Man’s Sky,1,https://thegameawards.com/nominees/best-ongoing
2025,Best Performance,Ben Starr,0,https://thegameawards.com/nominees/best-performance
2025,Best Performance,Charlie Cox,0,https://thegameawards.com/nominees/best-performance
2025,Best Performance,Erika Ishii,0,https://thegameawards.com/nominees/best-performance
2025,Best Performance,Jennifer English,1,https://thegameawards.com/nominees/best-performance
2025,Best Performance,Konatsu Kato,0,https://thegameawards.com/nominees/best-performance
2025,Best Performance,Troy Baker,0,https://thegameawards.com/nominees/best-performance
2025,Best Role Playing,Avowed,0,https://thegameawards.com/nominees/best-role-playing
2025,Best Role Playing,Clair Obscur: Expedition 33,1,https://thegameawards.com/nominees/best-role-playing
2025,Best Role Playing,Kingdom Come: Deliverance II,0,https://thegameawards.com/nominees/best-role-playing
2025,Best Role Playing,Monster Hunter Wilds,0,https://thegameawards.com/nominees/best-role-playing
2025,Best Role Playing,The Outer Worlds 2,0,https://thegameawards.com/nominees/best-role-playing
2025,Best Score And Music,Christopher Larkin,0,https://thegameawards.com/nominees/best-score-and-music
2025,Best Score And Music,Darren Korb,0,https://thegameawards.com/nominees/best-score-and-music
2025,Best Score And Music,Lorien Testard,1,https://thegameawards.com/nominees/best-score-and-music
2025,Best Score And Music,Toma Otowa,0,https://thegameawards.com/nominees/best-score-and-music
2025,Best Score And Music,Woodkid and Ludvig Forssell,0,https://thegameawards.com/nominees/best-score-and-music
2025,Best Sim Strategy,FINAL FANTASY TACTICS – The Ivalice Chronicles,1,https://thegameawards.com/nominees/best-sim-strategy
2025,Best Sim Strategy,Jurassic World Evolution 3,0,https://thegameawards.com/nominees/best-sim-strategy
2025,Best Sim Strategy,Sid Meier’s Civilization VII,0,https://thegameawards.com/nominees/best-sim-strategy
2025,Best Sim Strategy,Tempest Rising,0,https://thegameawards.com/nominees/best-sim-strategy
2025,Best Sim Strategy,The Alters,0,https://thegameawards.com/nominees/best-sim-strategy
2025,Best Sim Strategy,Two Point Museum,0,https://thegameawards.com/nominees/best-sim-strategy
2025,Best Sports Racing,EA Sports FC 26,0,https://thegameawards.com/nominees/best-sports-racing
2025,Best Sports Racing,F1 25,0,https://thegameawards.com/nominees/best-sports-racing
2025,Best Sports Racing,Mario Kart World,1,https://thegameawards.com/nominees/best-sports-racing
2025,Best Sports Racing,Rematch,0,https://thegameawards.com/nominees/best-sports-racing
2025,Best Sports Racing,Sonic Racing: CrossWorlds,0,https://thegameawards.com/nominees/best-sports-racing
2025,Best Vr Ar,Alien: Rogue Incursion,0,https://thegameawards.com/nominees/best-vr-ar
2025,Best Vr Ar,Arken Age,0,https://thegameawards.com/nominees/best-vr-ar
2025,Best Vr Ar,Ghost Town,0,https://thegameawards.com/nominees/best-vr-ar
2025,Best Vr Ar,Marvel’s Deadpool VR,0,https://thegameawards.com/nominees/best-vr-ar
2025,Best Vr Ar,The Midnight Walk,1,https://thegameawards.com/nominees/best-vr-ar
2025,Content Creator Of The Year,Caedrel,0,https://thegameawards.com/nominees/content-creator-of-the-year
2025,Content Creator Of The Year,Kai Cenat,0,https://thegameawards.com/nominees/content-creator-of-the-year
2025,Content Creator Of The Year,MoistCr1TiKaL,1,https://thegameawards.com/nominees/content-creator-of-the-year
2025,Content Creator Of The Year,Sakura Miko,0,https://thegameawards.com/nominees/content-creator-of-the-year
2025,Content Creator Of The Year,THE BURNT PEANUT,0,https://thegameawards.com/nominees/content-creator-of-the-year
2025,Game Of The Year,Clair Obscur: Expedition 33,1,https://thegameawards.com/nominees/game-of-the-year
2025,Game Of The Year,Death Stranding 2: On The Beach,0,https://thegameawards.com/nominees/game-of-the-year
2025,Game Of The Year,Donkey Kong Bananza,0,https://thegameawards.com/nominees/game-of-the-year
2025,Game Of The Year,Hades II,0,https://thegameawards.com/nominees/game-of-the-year
2025,Game Of The Year,Hollow Knight: Silksong,0,https://thegameawards.com/nominees/game-of-the-year
2025,Game Of The Year,Kingdom Come: Deliverance II,0,https://thegameawards.com/nominees/game-of-the-year
2025,Games For Impact,Consume Me,0,https://thegameawards.com/nominees/games-for-impact
2025,Games For Impact,Despelote,0,https://thegameawards.com/nominees/games-for-impact
2025,Games For Impact,Lost Records: Bloom & Rage,0,https://thegameawards.com/nominees/games-for-impact
2025,Games For Impact,South of Midnight,1,https://thegameawards.com/nominees/games-for-impact
2025,Games For Impact,Wanderstop,0,https://thegameawards.com/nominees/games-for-impact
2025,Innovation In Accessibility,Assassin’s Creed Shadows,0,https://thegameawards.com/nominees/innovation-in-accessibility
2025,Innovation In Accessibility,Atomfall,0,https://thegameawards.com/nominees/innovation-in-accessibility
2025,Innovation In Accessibility,Doom: The Dark Ages,1,https://thegameawards.com/nominees/innovation-in-accessibility
2025,Innovation In Accessibility,EA Sports FC 26,0,https://thegameawards.com/nominees/innovation-in-accessibility
2025,Innovation In Accessibility,South of Midnight,0,https://thegameawards.com/nominees/innovation-in-accessibility
2025,Most Anticipated Game,007 First Light,0,https://thegameawards.com/nominees/most-anticipated-game
2025,Most Anticipated Game,Grand Theft Auto VI,1,https://thegameawards.com/nominees/most-anticipated-game
2025,Most Anticipated Game,Marvel’s Wolverine,0,https://thegameawards.com/nominees/most-anticipated-game
2025,Most Anticipated Game,Resident Evil Requiem,0,https://thegameawards.com/nominees/most-anticipated-game
2025,Most Anticipated Game,The Witcher IV,0,https://thegameawards.com/nominees/most-anticipated-game
2025,Players' Voice,Clair Obscur: Expedition 33,0,https://thegameawards.com/brackets/players-voice
2025,Players' Voice,Dispatch,0,https://thegameawards.com/brackets/players-voice
2025,Players' Voice,Genshin Impact,0,https://thegameawards.com/brackets/players-voice
2025,Players' Voice,Hollow Knight: Silksong,0,https://thegameawards.com/brackets/players-voice
2025,Players' Voice,Wuthering Waves,1,https://thegameawards.com/brackets/players-voice
