year,category,winner,source_url
2014,Game of the Year,Dragon Age: Inquisition,https://thegameawards.com/rewind/year-2014
2014,Best Performance,Trey Parker as Various Voices,https://thegameawards.com/rewind/year-2014
2014,Best Score / Soundtrack,Destiny,https://thegameawards.com/rewind/year-2014
2014,Best Online Experience,Destiny,https://thegameawards.com/rewind/year-2014
2014,Best Mobile / Handheld Game,Hearthstone: Heroes of Warcraft,https://thegameawards.com/rewind/year-2014
2014,Best Fighting Game,Super Smash Bros for Wii U,https://thegameawards.com/rewind/year-2014
2014,Developer of the Year,Nintendo,https://thegameawards.com/rewind/year-2014
2014,Best Sports/Racing Game,Mario Kart 8,https://thegameawards.com/rewind/year-2014
2014,Best Shooter,Far Cry 4,https://thegameawards.com/rewind/year-2014
2014,Games for Change,Valiant Hearts: The Great War,https://thegameawards.com/rewind/year-2014
2014,Best Narrative,Valiant Hearts: The Great War,https://thegameawards.com/rewind/year-2014
2014,Industry Icon,Roberta and Ken Williams,https://thegameawards.com/rewind/year-2014
2014,Best Independent Game,Shovel Knight,https://thegameawards.com/rewind/year-2014
2014,Best Remaster,Grand Theft Auto 5,https://thegameawards.com/rewind/year-2014
2014,Best Action/Adventure Game,Middle-earth: Shadow of Mordor,https://thegameawards.com/rewind/year-2014
2014,Best Role Playing Game,Dragon Age: Inquisition,https://thegameawards.com/rewind/year-2014
2014,Best Family Game,Mario Kart 8,https://thegameawards.com/rewind/year-2014
2014,Most Anticipated Game,The Witcher 3: Wild Hunt,https://thegameawards.com/rewind/year-2014
2014,ESports Player of the Year,"Matt ""NaDeSHoT"" Haag",https://thegameawards.com/rewind/year-2014
2014,ESports Team of the Year,Ninjas in Pyjamas,https://thegameawards.com/rewind/year-2014
2014,Trending Gamer,TotalBiscuit,https://thegameawards.com/rewind/year-2014
2014,Best Fan Creation,Twitch Plays Pokemon by Anonymous,https://thegameawards.com/rewind/year-2014
2015,Game of the Year,The Witcher 3: Wild Hunt,https://thegameawards.com/rewind/year-2015
2015,Best Family Game,Super Mario Maker,https://thegameawards.com/rewind/year-2015
2015,Best Fighting Game,Mortal Kombat X,https://thegameawards.com/rewind/year-2015
2015,Best Multiplayer Game,Splatoon,https://thegameawards.com/rewind/year-2015
2015,Best Mobile/Handheld Game,Lara Croft Go,https://thegameawards.com/rewind/year-2015
2015,ESports Team of the Year,OpTic Gaming,https://thegameawards.com/rewind/year-2015
2015,ESports Player of the Year,"Kenny ""KennyS"" Schrub",https://thegameawards.com/rewind/year-2015
2015,Most Anticipated Game,No Man's Sky,https://thegameawards.com/rewind/year-2015
2015,Best Narrative,Her Story,https://thegameawards.com/rewind/year-2015
2015,Trending Gamer,Greg Miller,https://thegameawards.com/rewind/year-2015
2015,Best Independent Game,Rocket League,https://thegameawards.com/rewind/year-2015
2015,Best Sports / Racing Game,Rocket League,https://thegameawards.com/rewind/year-2015
2015,Games for Impact,Life is Strange,https://thegameawards.com/rewind/year-2015
2015,Best Fan Creation,Mel (Prism Studios),https://thegameawards.com/rewind/year-2015
2015,Developer of the Year,CD Projekt Red,https://thegameawards.com/rewind/year-2015
2015,Best Art Direction,Ori and the Blind Forest,https://thegameawards.com/rewind/year-2015
2015,Best Action/Adventure Game,Metal Gear Solid 5: The Phantom Pain,https://thegameawards.com/rewind/year-2015
2015,Best Score / Soundtrack,Metal Gear Solid V: The Phantom Pain,https://thegameawards.com/rewind/year-2015
2015,Best Performance,Viva Seifert,https://thegameawards.com/rewind/year-2015
2015,Best Role Playing Game,The Witcher 3: Wild Hunt,https://thegameawards.com/rewind/year-2015
2015,Best Shooter Game,Splatoon,https://thegameawards.com/rewind/year-2015
2015,Best ESports Game,Counter-Strike: Global Offensive,https://thegameawards.com/rewind/year-2015
2016,Game of the Year,Overwatch,https://thegameawards.com/rewind/year-2016
2016,Best Game Direction,Blizzard,https://thegameawards.com/rewind/year-2016
2016,Best Narrative,Uncharted 4: A Thief's End,https://thegameawards.com/rewind/year-2016
2016,Best Art Direction,Inside,https://thegameawards.com/rewind/year-2016
2016,Best Music / Sound Design,DOOM,https://thegameawards.com/rewind/year-2016
2016,Best Performance,Nolan North as Nathan Drake,https://thegameawards.com/rewind/year-2016
2016,Game for Impact,"That Dragon, Cancer",https://thegameawards.com/rewind/year-2016
2016,Best Independent Game,Inside,https://thegameawards.com/rewind/year-2016
2016,Best Mobile / Handheld Game,Pokemon Go,https://thegameawards.com/rewind/year-2016
2016,Best VR Game,Rez Infinite,https://thegameawards.com/rewind/year-2016
2016,Best Action Game,DOOM,https://thegameawards.com/rewind/year-2016
2016,Best Action/Adventure Game,Dishonored 2,https://thegameawards.com/rewind/year-2016
2016,Best Role Playing Game,The Witcher 3: Wild Hunt - Blood and Wine,https://thegameawards.com/rewind/year-2016
2016,Best Fighting Game,Street Fighter V,https://thegameawards.com/rewind/year-2016
2016,Best Strategy Game,Civilization 6,https://thegameawards.com/rewind/year-2016
2016,Best Family Game,Pokemon Go,https://thegameawards.com/rewind/year-2016
2016,Best Sports / Racing,Forza Horizon 3,https://thegameawards.com/rewind/year-2016
2016,Best Multiplayer Game,Overwatch,https://thegameawards.com/rewind/year-2016
2016,Most Anticipated Game,The Legend of Zelda: Breath of the Wild,https://thegameawards.com/rewind/year-2016
2016,Best Trending Gamer,Boogie2988,https://thegameawards.com/rewind/year-2016
2016,Best ESports Player,Coldzera – Marcelo David,https://thegameawards.com/rewind/year-2016
2016,Best ESports Team,Cloud 9,https://thegameawards.com/rewind/year-2016
2016,Best ESports Game,Overwatch,https://thegameawards.com/rewind/year-2016
2017,Game of the Year,The Legend of Zelda: Breath of the Wild,https://thegameawards.com/rewind/year-2017
2017,Best Art Direction,Cuphead,https://thegameawards.com/rewind/year-2017
2017,Best Performance,"Melina Juergens, as Senua",https://thegameawards.com/rewind/year-2017
2017,Best Audio Design,Hellblade: Senua's Sacrifice,https://thegameawards.com/rewind/year-2017
2017,Best Score and Music,Nier: Automata,https://thegameawards.com/rewind/year-2017
2017,Best Ongoing Game,Overwatch,https://thegameawards.com/rewind/year-2017
2017,Game For Impact,Hellblade: Senua's Sacrifice,https://thegameawards.com/rewind/year-2017
2017,Trending Gamer,Guy Beahm,https://thegameawards.com/rewind/year-2017
2017,Most Anticipated Game,The Last Of Us: Part II,https://thegameawards.com/rewind/year-2017
2017,Best Action Game,Wolfenstein II: The New Colossus,https://thegameawards.com/rewind/year-2017
2017,Best Action/Adventure Game,The Legend of Zelda: Breath of the Wild,https://thegameawards.com/rewind/year-2017
2017,Best Fighting Game,Injustice 2,https://thegameawards.com/rewind/year-2017
2017,Best Multiplayer Game,PlayerUnknown's Battlegrounds,https://thegameawards.com/rewind/year-2017
2017,Best ESports Player,Lee Sang-hyeok “Faker”,https://thegameawards.com/rewind/year-2017
2017,Best ESports Team,Cloud 9,https://thegameawards.com/rewind/year-2017
2017,Best ESports Game,Overwatch,https://thegameawards.com/rewind/year-2017
2017,Best AR/VR Game,Resident Evil 7: Biohazard,https://thegameawards.com/rewind/year-2017
2017,Best Role Playing Game,Persona5,https://thegameawards.com/rewind/year-2017
2017,Best Sports or Racing Game,Forza Motorsports 7,https://thegameawards.com/rewind/year-2017
2017,Best Strategy Game,Mario + Rabbids Kingdom Battle,https://thegameawards.com/rewind/year-2017
2017,Best Family Game,Super Mario Odyssey,https://thegameawards.com/rewind/year-2017
2017,Best Handheld Game,Metroid: Samus Returns,https://thegameawards.com/rewind/year-2017
2017,Best Mobile Game,Monument Valley 2,https://thegameawards.com/rewind/year-2017
2017,Best Independent Game,Cuphead,https://thegameawards.com/rewind/year-2017
2017,Best Narrative,What Remains of Edith Finch,https://thegameawards.com/rewind/year-2017
2017,Best Game Direction,The Legend of Zelda: Breath of the Wild,https://thegameawards.com/rewind/year-2017
2017,Best Debut Indie Game,Cuphead,https://thegameawards.com/rewind/year-2017
2017,Best Student Game,Level Squared,https://thegameawards.com/rewind/year-2017
2017,Chinese Fan Game Award,jx3 HD,https://thegameawards.com/rewind/year-2017
2018,Game of the Year,God of War,https://thegameawards.com/rewind/year-2018
2018,Best Ongoing Game,Fortnite,https://thegameawards.com/rewind/year-2018
2018,Best Game Direction,God of War,https://thegameawards.com/rewind/year-2018
2018,Best Narrative,Red Dead Redemption 2,https://thegameawards.com/rewind/year-2018
2018,Best Art Direction,Return of the Obra Dinn,https://thegameawards.com/rewind/year-2018
2018,BEST SCORE/MUSIC - PRESENTED BY SPOTIFY,Red Dead Redemption 2,https://thegameawards.com/rewind/year-2018
2018,BEST AUDIO DESIGN - PRESENTED BY DOLBY,Red Dead Redemption 2,https://thegameawards.com/rewind/year-2018
2018,BEST PERFORMANCE,Roger Clark as Arthur Morgan,https://thegameawards.com/rewind/year-2018
2018,GAMES FOR IMPACT,Celeste,https://thegameawards.com/rewind/year-2018
2018,BEST INDEPENDENT GAME,Celeste,https://thegameawards.com/rewind/year-2018
2018,BEST MOBILE GAME,Florence,https://thegameawards.com/rewind/year-2018
2018,BEST VR/AR GAME,ASTRO BOT Rescue Mission,https://thegameawards.com/rewind/year-2018
2018,BEST ACTION GAME,Dead Cells,https://thegameawards.com/rewind/year-2018
2018,BEST ACTION/ADVENTURE GAME,God of War,https://thegameawards.com/rewind/year-2018
2018,BEST ROLE PLAYING GAME,Monster Hunter: World,https://thegameawards.com/rewind/year-2018
2018,BEST FIGHTING GAME,Dragon Ball FighterZ,https://thegameawards.com/rewind/year-2018
2018,BEST FAMILY GAME,Overcooked 2,https://thegameawards.com/rewind/year-2018
2018,BEST STRATEGY GAME,Into the Breach,https://thegameawards.com/rewind/year-2018
2018,BEST SPORTS/RACING GAME,Forza Horizon 4,https://thegameawards.com/rewind/year-2018
2018,BEST MULTIPLAYER GAME,Fortnite,https://thegameawards.com/rewind/year-2018
2018,BEST STUDENT GAME,Combat 2018,https://thegameawards.com/rewind/year-2018
2018,BEST DEBUT INDIE GAME,The Messenger,https://thegameawards.com/rewind/year-2018
2018,BEST ESPORTS GAME,Overwatch,https://thegameawards.com/rewind/year-2018
2018,BEST ESPORTS PLAYER - PRESENTED BY OMEN BY HP,Dominique “SonicFox” McLean,https://thegameawards.com/rewind/year-2018
2018,BEST ESPORTS TEAM,Cloud9,https://thegameawards.com/rewind/year-2018
2018,BEST ESPORTS COACH,Bok “Reapered” Han-gyu,https://thegameawards.com/rewind/year-2018
2018,BEST ESPORTS EVENT,League of Legends World Championship,https://thegameawards.com/rewind/year-2018
2018,BEST ESPORTS HOST,Eefje “Sjokz” Depoortere,https://thegameawards.com/rewind/year-2018
2018,BEST ESPORTS MOMENT,C9 Comeback Win In Triple OT vs FAZE,https://thegameawards.com/rewind/year-2018
2018,CONTENT CREATOR OF THE YEAR,Ninja,https://thegameawards.com/rewind/year-2018
2019,Game of the Year,Sekiro: Shadows Die Twice,https://thegameawards.com/rewind/year-2019
2019,Best Ongoing Game,Fortnite,https://thegameawards.com/rewind/year-2019
2019,Best Game Direction,Death Stranding,https://thegameawards.com/rewind/year-2019
2019,Best Narrative,Disco Elysium,https://thegameawards.com/rewind/year-2019
2019,Best Art Direction,Control,https://thegameawards.com/rewind/year-2019
2019,BEST SCORE/MUSIC - PRESENTED BY SPOTIFY,Death Stranding,https://thegameawards.com/rewind/year-2019
2019,BEST AUDIO DESIGN - PRESENTED BY DOLBY,Call of Duty: Modern Warfare,https://thegameawards.com/rewind/year-2019
2019,BEST PERFORMANCE,Mads Mikkelsen,https://thegameawards.com/rewind/year-2019
2019,GAMES FOR IMPACT,Gris,https://thegameawards.com/rewind/year-2019
2019,BEST INDEPENDENT GAME,Disco Elysium,https://thegameawards.com/rewind/year-2019
2019,BEST MOBILE GAME,Call of Duty: Mobile,https://thegameawards.com/rewind/year-2019
2019,BEST VR/AR GAME,Beat Saber,https://thegameawards.com/rewind/year-2019
2019,BEST ACTION GAME,Devil May Cry 5,https://thegameawards.com/rewind/year-2019
2019,BEST ACTION/ADVENTURE GAME,Sekiro: Shadows Die Twice,https://thegameawards.com/rewind/year-2019
2019,BEST ROLE PLAYING GAME,Disco Elysium,https://thegameawards.com/rewind/year-2019
2019,BEST FIGHTING GAME,Super Smash Bros. Ultimate,https://thegameawards.com/rewind/year-2019
2019,BEST FAMILY GAME,Luigi's Mansion 3,https://thegameawards.com/rewind/year-2019
2019,BEST STRATEGY GAME,Fire Emblem: Three Houses,https://thegameawards.com/rewind/year-2019
2019,BEST SPORTS/RACING GAME,Crash Team Racing Nitro-Fueled,https://thegameawards.com/rewind/year-2019
2019,BEST MULTIPLAYER GAME,Apex Legends,https://thegameawards.com/rewind/year-2019
2019,BEST COMMUNITY SUPPORT,Destiny 2,https://thegameawards.com/rewind/year-2019
2019,FRESH INDIE GAME PRESENTED BY SUBWAY,Disco Elysium,https://thegameawards.com/rewind/year-2019
2019,BEST ESPORTS GAME,League of Legends,https://thegameawards.com/rewind/year-2019
2019,BEST ESPORTS PLAYER - PRESENTED BY OMEN BY HP,Kyle Giersdorf,https://thegameawards.com/rewind/year-2019
2019,BEST ESPORTS TEAM,G2 Sports,https://thegameawards.com/rewind/year-2019
2019,BEST ESPORTS COACH,Danny Sørensen,https://thegameawards.com/rewind/year-2019
2019,BEST ESPORTS EVENT,2019 League of Legends World Championship,https://thegameawards.com/rewind/year-2019
2019,BEST ESPORTS HOST,Eefje “Sjokz” Depoortere,https://thegameawards.com/rewind/year-2019
2019,CONTENT CREATOR OF THE YEAR,Michael 'Shroud' Grzesiek,https://thegameawards.com/rewind/year-2019
2020,GAME OF THE YEAR,THE LAST OF US PART II,https://thegameawards.com/rewind/year-2020
2020,BEST GAME DIRECTION,THE LAST OF US PART II,https://thegameawards.com/rewind/year-2020
2020,BEST NARRAIVE,THE LAST OF US PART II,https://thegameawards.com/rewind/year-2020
2020,BEST ART DIRECTION,GHOST OF TSUSHIMA,https://thegameawards.com/rewind/year-2020
2020,BEST SCORE AND MUSIC,FINAL FANTASY VII REMAKE,https://thegameawards.com/rewind/year-2020
2020,BEST AUDIO DESIGN,THE LAST OF US PART II,https://thegameawards.com/rewind/year-2020
2020,BEST PERFORMANCE,LAURA BAILEY AS ABBY,https://thegameawards.com/rewind/year-2020
2020,GAMES FOR IMPACT,TELL ME WHY,https://thegameawards.com/rewind/year-2020
2020,BEST ONGOING,NO MAN’S SKY,https://thegameawards.com/rewind/year-2020
2020,BEST INDIE,HADES,https://thegameawards.com/rewind/year-2020
2020,BEST MOBILE GAME,AMONG US,https://thegameawards.com/rewind/year-2020
2020,BEST COMMUNITY SUPPORT,FALL GUYS: ULTIMATE KNOCKOUT,https://thegameawards.com/rewind/year-2020
2020,BEST VR/AR,HALF-LIFE: ALYX,https://thegameawards.com/rewind/year-2020
2020,INNOVATION IN ACCESSIBILITY,THE LAST OF US PART II,https://thegameawards.com/rewind/year-2020
2020,BEST ACTION,HADES,https://thegameawards.com/rewind/year-2020
2020,BEST ACTION/ADVENTURE,THE LAST OF US PART II,https://thegameawards.com/rewind/year-2020
2020,BEST ROLE PLAYING,FINAL FANTASY VII REMAKE,https://thegameawards.com/rewind/year-2020
2020,BEST FIGHTING,MORTAL KOMBAT 11 ULTIMATE,https://thegameawards.com/rewind/year-2020
2020,BEST FAMILY,ANIMAL CROSSING: NEW HORIZONS,https://thegameawards.com/rewind/year-2020
2020,BEST SIM/STRATEGY,MICROSOFT FLIGHT SIMULATOR,https://thegameawards.com/rewind/year-2020
2020,BEST SPORTS/RACING,TONY HAWK’S PRO SKATER 1+2,https://thegameawards.com/rewind/year-2020
2020,BEST MULTIPLAYER,AMONG US,https://thegameawards.com/rewind/year-2020
2020,CONTENT CREATOR OF THE YEAR,VALKYRAE,https://thegameawards.com/rewind/year-2020
2020,BEST DEBUT GAME,PHASMOPHOBIA,https://thegameawards.com/rewind/year-2020
2020,BEST ESPORTS ATHLETE,HEO “SHOWMAKER” SU,https://thegameawards.com/rewind/year-2020
2020,BEST ESPORTS COACH,DANNY “ZONIC” SORENSEN,https://thegameawards.com/rewind/year-2020
2020,BEST ESPORTS EVENT,LEAGUE OF LEGENDS WORLD CHAMPIONSHIP 2020,https://thegameawards.com/rewind/year-2020
2020,BEST ESPORTS GAME,LEAGUE OF LEGENDS,https://thegameawards.com/rewind/year-2020
2020,BEST ESPORTS HOST,EEFJE “SJOKZ” DEPOORTERE,https://thegameawards.com/rewind/year-2020
2020,BEST ESPORTS TEAM,G2 ESPORTS,https://thegameawards.com/rewind/year-2020
2021,GAME OF THE YEAR,It Takes Two,https://thegameawards.com/rewind/year-2021
2021,BEST GAME DIRECTION,Deathloop,https://thegameawards.com/rewind/year-2021
2021,BEST NARRATIVE,MARVEL's Guardians of the Galaxy,https://thegameawards.com/rewind/year-2021
2021,BEST ART DIRECTION,Deathloop,https://thegameawards.com/rewind/year-2021
2021,BEST SCORE AND MUSIC,Nier Replicant Ver.1.22474487139,https://thegameawards.com/rewind/year-2021
2021,BEST AUDIO DESIGN,FORZA Horizon 5,https://thegameawards.com/rewind/year-2021
2021,BEST PERFORMANCE,MAGGIE ROBERTSON AS LADY DIMITRESCU,https://thegameawards.com/rewind/year-2021
2021,GAMES FOR IMPACT,LIFE IS STRANGE: TRUE COLORS,https://thegameawards.com/rewind/year-2021
2021,BEST ONGOING,Final FantasY XIV Online,https://thegameawards.com/rewind/year-2021
2021,BEST INDIE,Kena: Bridge of Spirits,https://thegameawards.com/rewind/year-2021
2021,BEST MOBILE GAME,Genshin Impact,https://thegameawards.com/rewind/year-2021
2021,BEST COMMUNITY SUPPORT,Final Fantasy XIV Online,https://thegameawards.com/rewind/year-2021
2021,INNOVATION IN ACCESSIBILITY,FORZA Horizon 5,https://thegameawards.com/rewind/year-2021
2021,BEST VR/AR,Resident Evil 4,https://thegameawards.com/rewind/year-2021
2021,BEST ACTION GAME,RETURNAL,https://thegameawards.com/rewind/year-2021
2021,BEST ACTION/ADVENTURE,Metroid Dread,https://thegameawards.com/rewind/year-2021
2021,BEST ROLE PLAYING,Tales of Arise,https://thegameawards.com/rewind/year-2021
2021,BEST FIGHTING,Guilty Gear -Strive-,https://thegameawards.com/rewind/year-2021
2021,BEST FAMILY,It Takes Two,https://thegameawards.com/rewind/year-2021
2021,BEST SIM/STRATEGY,Age of Empires IV,https://thegameawards.com/rewind/year-2021
2021,BEST SPORTS/RACING,FORZA Horizon 5,https://thegameawards.com/rewind/year-2021
2021,BEST MULTIPLAYER,IT TAKES TWO,https://thegameawards.com/rewind/year-2021
2021,CONTENT CREATOR OF THE YEAR,DREAM,https://thegameawards.com/rewind/year-2021
2021,BEST DEBUT INDIE,Kena: Bridge of Spirits,https://thegameawards.com/rewind/year-2021
2021,MOST ANTICIPATED GAME,Elden Ring,https://thegameawards.com/rewind/year-2021
2021,BEST ESPORTS GAME,League of Legends,https://thegameawards.com/rewind/year-2021
2021,BEST ESPORTS ATHLETE,"Oleksandr ""S1mple"" Kostyliev",https://thegameawards.com/rewind/year-2021
2021,BEST ESPORTS TEAM,Natus Vincere,https://thegameawards.com/rewind/year-2021
2021,BEST ESPORTS COACH,"Kim ""Kkoma"" Jeong-Gyun",https://thegameawards.com/rewind/year-2021
2021,BEST ESPORTS EVENT,2021 League of Legends World Championship,https://thegameawards.com/rewind/year-2021
2022,GAME OF THE YEAR,Elden Ring,https://thegameawards.com/rewind/year-2022
2022,BEST GAME DIRECTION,Elden Ring,https://thegameawards.com/rewind/year-2022
2022,BEST NARRATIVE,God of War Ragnarok,https://thegameawards.com/rewind/year-2022
2022,BEST ART DIRECTION,Elden Ring,https://thegameawards.com/rewind/year-2022
2022,BEST SCORE AND MUSIC,God of War Ragnarok,https://thegameawards.com/rewind/year-2022
2022,BEST AUDIO DESIGN,God of War Ragnarok,https://thegameawards.com/rewind/year-2022
2022,BEST PERFORMANCE,Christopher Judge as Kratos,https://thegameawards.com/rewind/year-2022
2022,GAMES FOR IMPACT,As Dusk Falls,https://thegameawards.com/rewind/year-2022
2022,BEST ONGOING,Final FantasY XIV Online,https://thegameawards.com/rewind/year-2022
2022,BEST INDIE,Stray,https://thegameawards.com/rewind/year-2022
2022,BEST MOBILE GAME,Marvel SNAP,https://thegameawards.com/rewind/year-2022
2022,BEST COMMUNITY SUPPORT,Final Fantasy XIV Online,https://thegameawards.com/rewind/year-2022
2022,INNOVATION IN ACCESSIBILITY,God of War Ragnarok,https://thegameawards.com/rewind/year-2022
2022,BEST VR/AR,Moss: Book II,https://thegameawards.com/rewind/year-2022
2022,BEST ACTION GAME,Bayonetta 3,https://thegameawards.com/rewind/year-2022
2022,BEST ACTION/ADVENTURE,God of War Ragnarok,https://thegameawards.com/rewind/year-2022
2022,BEST ROLE PLAYING,Elden Ring,https://thegameawards.com/rewind/year-2022
2022,BEST FIGHTING,MultiVersus,https://thegameawards.com/rewind/year-2022
2022,BEST FAMILY,Kirby and the Forgotten Land,https://thegameawards.com/rewind/year-2022
2022,BEST SIM/STRATEGY,Mario + Rabbids Sparks of Hope,https://thegameawards.com/rewind/year-2022
2022,BEST SPORTS/RACING,Gran Turismo 7,https://thegameawards.com/rewind/year-2022
2022,BEST MULTIPLAYER,Splatoon 3,https://thegameawards.com/rewind/year-2022
2022,CONTENT CREATOR OF THE YEAR,Ludwig Ahgren,https://thegameawards.com/rewind/year-2022
2022,BEST DEBUT INDIE,Stray,https://thegameawards.com/rewind/year-2022
2022,MOST ANTICIPATED GAME,The Legend of Zelda: Tears of the Kingdom,https://thegameawards.com/rewind/year-2022
2022,BEST ADAPTATION,Arcane,https://thegameawards.com/rewind/year-2022
2022,PLAYERS' VOICE,Genshin Impact,https://thegameawards.com/rewind/year-2022
2022,BEST ESPORTS GAME,Valorant,https://thegameawards.com/rewind/year-2022
2022,BEST ESPORTS ATHLETE,"Jacob ""yay"" Whiteaker",https://thegameawards.com/rewind/year-2022
2022,BEST ESPORTS TEAM,LOUD,https://thegameawards.com/rewind/year-2022
2022,BEST ESPORTS COACH,"Matheus ""bzkA"" Tarasconi",https://thegameawards.com/rewind/year-2022
2022,BEST ESPORTS EVENT,2022 League of Legends World Championship,https://thegameawards.com/rewind/year-2022
2023,GAME OF THE YEAR,Baldur's Gate 3,https://thegameawards.com/rewind/year-2023
2023,BEST GAME DIRECTION,Alan Wake 2,https://thegameawards.com/rewind/year-2023
2023,BEST NARRATIVE,Alan Wake 2,https://thegameawards.com/rewind/year-2023
2023,BEST ART DIRECTION,Alan Wake 2,https://thegameawards.com/rewind/year-2023
2023,BEST SCORE AND MUSIC,Final Fantasy XVI,https://thegameawards.com/rewind/year-2023
2023,BEST AUDIO DESIGN,Hi-Fi Rush,https://thegameawards.com/rewind/year-2023
2023,BEST PERFORMANCE,Neil Newbon,https://thegameawards.com/rewind/year-2023
2023,GAMES FOR IMPACT,Tchia,https://thegameawards.com/rewind/year-2023
2023,BEST ONGOING,Cyberpunk 2077,https://thegameawards.com/rewind/year-2023
2023,BEST INDEPENDENT GAME,Sea of Stars,https://thegameawards.com/rewind/year-2023
2023,BEST MOBILE GAME,Honkai: Star Rail,https://thegameawards.com/rewind/year-2023
2023,BEST COMMUNITY SUPPORT,Baldur's Gate 3,https://thegameawards.com/rewind/year-2023
2023,INNOVATION IN ACCESSIBILITY,Forza Motorsport,https://thegameawards.com/rewind/year-2023
2023,BEST VR/AR,Resident Evil Village VR Mode,https://thegameawards.com/rewind/year-2023
2023,BEST ACTION GAME,Armored Core VI: Fires of Rubicon,https://thegameawards.com/rewind/year-2023
2023,BEST ACTION/ADVENTURE,The Legend of Zelda: Tears of the Kingdom,https://thegameawards.com/rewind/year-2023
2023,BEST ROLE PLAYING,Baldur's Gate 3,https://thegameawards.com/rewind/year-2023
2023,BEST FIGHTING,Street Fighter 6,https://thegameawards.com/rewind/year-2023
2023,BEST FAMILY,Super Mario Bros Wonder,https://thegameawards.com/rewind/year-2023
2023,BEST SIM/STRATEGY,Pikmin 4,https://thegameawards.com/rewind/year-2023
2023,BEST SPORTS/RACING,Forza Motorsport,https://thegameawards.com/rewind/year-2023
2023,BEST MULTIPLAYER,Baldur's Gate 3,https://thegameawards.com/rewind/year-2023
2023,CONTENT CREATOR OF THE YEAR,Ironmouse,https://thegameawards.com/rewind/year-2023
2023,BEST DEBUT INDIE,Cocoon,https://thegameawards.com/rewind/year-2023
2023,MOST ANTICIPATED GAME,Final Fantasy VII Rebirth,https://thegameawards.com/rewind/year-2023
2023,BEST ADAPTATION,The Last of Us,https://thegameawards.com/rewind/year-2023
2023,PLAYERS' VOICE,Genshin Impact,https://thegameawards.com/rewind/year-2023
2023,BEST ESPORTS GAME,Valorant,https://thegameawards.com/rewind/year-2023
2023,BEST ESPORTS ATHLETE,"Lee ""Faker"" Sang-Hyeok",https://thegameawards.com/rewind/year-2023
2023,BEST ESPORTS TEAM,JD Gaming,https://thegameawards.com/rewind/year-2023
2023,BEST ESPORTS COACH,"Christine ""Potter"" Chi",https://thegameawards.com/rewind/year-2023
2023,BEST ESPORTS EVENT,2023 League of Legends World Championship,https://thegameawards.com/rewind/year-2023
2024,game of the year,astro bot,https://thegameawards.com/rewind/year-2024
2024,best game direction,astro bot,https://thegameawards.com/rewind/year-2024
2024,best narrative,metaphor: refantazi,https://thegameawards.com/rewind/year-2024
2024,BEST ART DIRECTION,metaphor: refantazi,https://thegameawards.com/rewind/year-2024
2024,BEST SCORE AND MUSIC,final fantasy VII REBIRTH,https://thegameawards.com/rewind/year-2024
2024,BEST AUDIO DESIGN,SENUA’S SAGA: HELLBLADE 2,https://thegameawards.com/rewind/year-2024
2024,BEST PERFORMANCE,MELINA JUERGENS,https://thegameawards.com/rewind/year-2024
2024,INNOVATION IN ACCESSIBILITY,PRINCE OF PERSIA: THE LOST CROWN,https://thegameawards.com/rewind/year-2024
2024,GAMES FOR IMPACT,NEVA,https://thegameawards.com/rewind/year-2024
2024,BEST ONGOING,HELLDIVERS 2,https://thegameawards.com/rewind/year-2024
2024,BEST COMMUNITY SUPPORT,baldur’s gate 3,https://thegameawards.com/rewind/year-2024
2024,best independent game,BALATRO,https://thegameawards.com/rewind/year-2024
2024,best DEBUT INDIE,BALATRO,https://thegameawards.com/rewind/year-2024
2024,BEST MOBILE GAME,BALATRO,https://thegameawards.com/rewind/year-2024
2024,BEST VR/AR,BATMAN: ARKHAM SHADOW,https://thegameawards.com/rewind/year-2024
2024,BEST ACTION GAME,BLACK MYTH: WUKONG,https://thegameawards.com/rewind/year-2024
2024,BEST ACTION/ADVENTURE,astro bot,https://thegameawards.com/rewind/year-2024
2024,BEST RPG,metaphor: refantazi,https://thegameawards.com/rewind/year-2024
2024,BEST FIGHTING,TEKKEN 8,https://thegameawards.com/rewind/year-2024
2024,BEST FAMILY,astro bot,https://thegameawards.com/rewind/year-2024
2024,BEST SIM/STRATEGY,FROSTPUNK 2,https://thegameawards.com/rewind/year-2024
2024,BEST SPORTS/RACING,EA SPORTS FC 25,https://thegameawards.com/rewind/year-2024
2024,BEST MULTIPLAYER,HELLDIVERS 2,https://thegameawards.com/rewind/year-2024
2024,BEST ADAPTATION,FALLOUT,https://thegameawards.com/rewind/year-2024
2024,MOST ANTICIPATED GAME,GRAND THEFT AUTO VI,https://thegameawards.com/rewind/year-2024
2024,CONTENT CREATOR OF THE YEAR,CASEOH,https://thegameawards.com/rewind/year-2024
2024,BEST ESPORTS GAME,LEAGUE OF LEGENDS,https://thegameawards.com/rewind/year-2024
2024,BEST ESPORTS ATHLETE,FAKER,https://thegameawards.com/rewind/year-2024
2024,BEST ESPORTS TEAM,t1,https://thegameawards.com/rewind/year-2024
2024,PLAYERS' VOICE,Black Myth: Wukong,https://thegameawards.com/rewind/year-2024
2025,Best Action,Hades II,https://thegameawards.com/nominees/best-action
2025,Best Action Adventure,Hollow Knight: Silksong,https://thegameawards.com/nominees/best-action-adventure
2025,Best Adaptation,The Last of Us: Season 2,https://thegameawards.com/nominees/best-adaptation
2025,Best Art Direction,Clair Obscur: Expedition 33,https://thegameawards.com/nominees/best-art-direction
2025,Best Audio Design,Battlefield 6,https://thegameawards.com/nominees/best-audio-design
2025,Best Community Support,Baldur’s Gate 3,https://thegameawards.com/nominees/best-community-support
2025,Best Debut Indie Game,Clair Obscur: Expedition 33,https://thegameawards.com/nominees/best-debut-indie-game
2025,Best Esports Athlete,Chovy – Jeong Ji-hoon,https://thegameawards.com/nominees/best-esports-athlete
2025,Best Esports Game,Counter-Strike 2,https://thegameawards.com/nominees/best-esports-game
2025,Best Esports Team,Team Vitality,https://thegameawards.com/nominees/best-esports-team
2025,Best Family,Donkey Kong Bananza,https://thegameawards.com/nominees/best-family
2025,Best Fighting,Fatal Fury: City of the Wolves,https://thegameawards.com/nominees/best-fighting
2025,Best Game Direction,Clair Obscur: Expedition 33,https://thegameawards.com/nominees/best-game-direction
2025,Best Independent Game,Clair Obscur: Expedition 33,https://thegameawards.com/nominees/best-independent-game
2025,Best Mobile Game,Umamusume: Pretty Derby,https://thegameawards.com/nominees/best-mobile-game
2025,Best Multiplayer,Arc Raiders,https://thegameawards.com/nominees/best-multiplayer
2025,Best Narrative,Clair Obscur: Expedition 33,https://thegameawards.com/nominees/best-narrative
2025,Best Ongoing,No Man’s Sky,https://thegameawards.com/nominees/best-ongoing
2025,Best Performance,Jennifer English,https://thegameawards.com/nominees/best-performance
2025,Best Role Playing,Clair Obscur: Expedition 33,https://thegameawards.com/nominees/best-role-playing
2025,Best Score And Music,Lorien Testard,https://thegameawards.com/nominees/best-score-and-music
2025,Best Sim Strategy,FINAL FANTASY TACTICS – The Ivalice Chronicles,https://thegameawards.com/nominees/best-sim-strategy
2025,Best Sports Racing,Mario Kart World,https://thegameawards.com/nominees/best-sports-racing
2025,Best Vr Ar,The Midnight Walk,https://thegameawards.com/nominees/best-vr-ar
2025,Content Creator Of The Year,MoistCr1TiKaL,https://thegameawards.com/nominees/content-creator-of-the-year
2025,Game Of The Year,Clair Obscur: Expedition 33,https://thegameawards.com/nominees/game-of-the-year
2025,Games For Impact,South of Midnight,https://thegameawards.com/nominees/games-for-impact
2025,Innovation In Accessibility,Doom: The Dark Ages,https://thegameawards.com/nominees/innovation-in-accessibility
2025,Most Anticipated Game,Grand Theft Auto VI,https://thegameawards.com/nominees/most-anticipated-game
2025,Players' Voice,Wuthering Waves,https://thegameawards.com/brackets/players-voice
