year,clock,round,channel,open_date,open_time,open_time_zone,first_observed_open_date,close_date,close_time,close_time_zone,open_confidence,close_confidence,open_source_type,close_source_type,open_source_url,close_source_url,open_source_quote,close_source_quote,notes
2014,jury_nominations,,editorial jury,,,,,,,,unknown,unknown,,,,,,,Nominee-selection ballots; not the later public winner vote.
2014,jury_winners,,editorial jury,,,,,,,,unknown,unknown,,,,,,,Final jury winner ballots; not the earlier nomination ballots.
2014,public_fan_choice,,various,,,,,,,,unknown,unknown,,,,,,,"Fan-selected categories existed, but their voting dates are unverified."
2015,jury_nominations,,editorial jury,,,,,,,,unknown,unknown,,,,,,,Nominee-selection ballots; not the later public winner vote.
2015,jury_winners,,editorial jury,,,,,,,,unknown,unknown,,,,,,,Final jury winner ballots; not the earlier nomination ballots.
2015,public_fan_choice,,various,,,,,,,,unknown,unknown,,,,,,,"Fan-selected categories existed, but their voting dates are unverified."
2016,jury_nominations,,editorial jury,,,,,,,,unknown,unknown,,,,,,,Nominee-selection ballots; not the later public winner vote.
2016,jury_winners,,editorial jury,,,,,,,,unknown,unknown,,,,,,,Final jury winner ballots; not the earlier nomination ballots.
2016,public_fan_choice,,various,,,,,,,,unknown,unknown,,,,,,,"Fan-selected categories existed, but their voting dates are unverified."
2017,jury_nominations,,editorial jury,,,,,,,,unknown,unknown,,,,,,,Nominee-selection ballots; not the later public winner vote.
2017,jury_winners,,editorial jury,,,,,,,,unknown,unknown,,,,,,,Final jury winner ballots; not the earlier nomination ballots.
2017,public_winners,,awards website,2017-11-14,,,,2017-12-06,,,documented_secondary,documented_secondary,annual_cited_summary,annual_cited_summary,https://en.wikipedia.org/wiki/The_Game_Awards_2017#Awards,https://en.wikipedia.org/wiki/The_Game_Awards_2017#Awards,Public voting for awards ran from November 14 until December 6.,Public voting for awards ran from November 14 until December 6.,Standard public contribution to winner selection; do not use Players' Voice dates.
2017,public_fan_choice,,various,2017-11-14,,,,2017-12-06,,,documented_secondary,documented_secondary,annual_cited_summary,annual_cited_summary,https://en.wikipedia.org/wiki/The_Game_Awards_2017#Awards,https://en.wikipedia.org/wiki/The_Game_Awards_2017#Awards,Public voting for awards ran from November 14 until December 6.,Public voting for awards ran from November 14 until December 6.,Fan's choice categories were fully public-voted.
2018,jury_nominations,,editorial jury,,,,,,,,unknown,unknown,,,,,,,Nominee-selection ballots; not the later public winner vote.
2018,jury_winners,,editorial jury,,,,,,,,unknown,unknown,,,,,,,Final jury winner ballots; not the earlier nomination ballots.
2018,public_winners,,awards website,,,,2018-11-13,,,,observed_by,unknown,organizer_post_quoted_in_contemporary_report,,https://www.pcgamer.com/the-game-awards-2018-nominations-have-been-announced/,,Here's a look at the top nominees for #TheGameAwards. Vote now at https://t.co/9kiptu92wd,,Organiser's Nov 13 post says vote now; exact website launch and website close are unverified. Discord has a separately documented window.
2018,public_winners,,Discord,2018-11-13,,,,2018-12-05,,,documented_secondary,documented_secondary,contemporary_report,contemporary_report,https://www.pcgamer.com/the-game-awards-2018-nominations-have-been-announced/,https://www.pcgamer.com/the-game-awards-2018-nominations-have-been-announced/,Voting on the server will open on November 13 and run until December 5.,Voting on the server will open on November 13 and run until December 5.,"Dates explicitly describe voting on the Discord server, not necessarily the website."
2019,jury_nominations,,editorial jury,,,,,,,,unknown,unknown,,,,,,,Nominee-selection ballots; not the later public winner vote.
2019,jury_winners,,editorial jury,,,,,,,,unknown,unknown,,,,,,,Final jury winner ballots; not the earlier nomination ballots.
2019,public_winners,,awards website,,,,2019-11-19,,,,observed_by,unknown,contemporary_report,,https://www.pcgamer.com/death-stranding-and-control-lead-the-game-awards-2019-nominations/,,Voting for The Game Awards 2019 is live now.,,Published Nov 19; exact opening and closing dates remain unverified.
2019,players_voice,all,awards website,,,,,,,,unknown,unknown,,,,,,,Separate fully public multi-round bracket; start/end refer to the entire bracket.
2020,jury_nominations,,editorial jury,2020-10-29,,,,2020-11-13,,,documented_secondary,documented_secondary,jury_outlet_report,jury_outlet_report,https://www.polygon.com/2020/11/18/21574150/the-game-awards-nominations-2020-games-list,https://www.polygon.com/2020/11/18/21574150/the-game-awards-nominations-2020-games-list,"Ballots were sent out to outlets on Oct. 29, due back on Nov. 6",Outlets also had until Nov. 13 to send in updated versions of those ballots,Initial ballot deadline Nov 6; Nov 13 was the last stated opportunity to update.
2020,jury_winners,,editorial jury,,,,,,,,unknown,unknown,,,,,,,Final jury winner ballots; not the earlier nomination ballots.
2020,public_winners,,awards website,,,,2020-11-18,2020-12-09,,,observed_by,documented_secondary,contemporary_report,annual_cited_summary,https://www.ign.com/articles/the-game-awards-2020-nominees-announced,https://en.wikipedia.org/wiki/The_Game_Awards_2020#Winners_and_nominees,The nominees in each category are now available for public voting,closed on December 9,"IGN page was published Nov 18 and modified Dec 3; opening is an observed-by bound, not an exact instant."
2020,players_voice,all,awards website,,,,,,,,unknown,unknown,,,,,,,Separate fully public multi-round bracket; start/end refer to the entire bracket.
2021,jury_nominations,,editorial jury,,,,,,,,unknown,unknown,,,,,,,Nominee-selection ballots; not the later public winner vote.
2021,jury_winners,,editorial jury,,,,,,,,unknown,unknown,,,,,,,Final jury winner ballots; not the earlier nomination ballots.
2021,public_winners,,awards website,,,,2021-11-16,2021-12-08,,,observed_by,documented_secondary,contemporary_report,annual_cited_summary,https://www.vg247.com/the-game-awards-2021-nominees,https://en.wikipedia.org/wiki/The_Game_Awards_2021#Winners_and_nominees,"With the announcement of nominees, you can now vote",until December 8,Standard public contribution to winner selection; do not use Players' Voice dates.
2021,players_voice,all,awards website,,,,,,,,unknown,unknown,,,,,,,Separate fully public multi-round bracket; start/end refer to the entire bracket.
2022,jury_nominations,,editorial jury,,,,,,,,unknown,unknown,,,,,,,Nominee-selection ballots; not the later public winner vote.
2022,jury_winners,,editorial jury,,,,,,,,unknown,unknown,,,,,,,Final jury winner ballots; not the earlier nomination ballots.
2022,public_winners,,awards website,,,,2022-11-14,2022-12-07,,,observed_by,documented_secondary,contemporary_report,annual_cited_summary,https://www.ign.com/articles/the-game-awards-2022-nominations-elden-ring-god-of-war-ragnarok,https://en.wikipedia.org/wiki/The_Game_Awards_2022#Winners_and_nominees,The public can now vote for the nominees they think are most deserving of each individual award,until December 7,IGN page was published Nov 14 and later modified Dec 5; opening is observed-by.
2022,players_voice,all,awards website,2022-11-28,,,,2022-12-07,,,documented_secondary,documented_secondary,annual_cited_summary,annual_cited_summary,https://en.wikipedia.org/wiki/The_Game_Awards_2022#Winners_and_nominees,https://en.wikipedia.org/wiki/The_Game_Awards_2022#Winners_and_nominees,"three rounds of voting, which ran from November 28 to December 7","three rounds of voting, which ran from November 28 to December 7",Separate fully public multi-round bracket; start/end refer to the entire bracket.
2023,jury_nominations,,editorial jury,,,,,,,,unknown,unknown,,,,,,,Nominee-selection ballots; not the later public winner vote.
2023,jury_winners,,editorial jury,,,,,,,,unknown,unknown,,,,,,,Final jury winner ballots; not the earlier nomination ballots.
2023,public_winners,,awards website,,,,2023-11-13,2023-12-06,18:00,America/Los_Angeles,observed_by,documented_secondary,contemporary_report,contemporary_report,https://www.pcgamer.com/baldurs-gate-3-and-alan-wake-2-lead-the-game-awards-with-8-nominations-each/,https://www.pcgamer.com/baldurs-gate-3-and-alan-wake-2-lead-the-game-awards-with-8-nominations-each/,Voting is now open to the public on The Game Awards website,"until Wednesday, December 6 at 6 pm Pacific",Standard public contribution to winner selection; do not use Players' Voice dates.
2023,players_voice,all,awards website,2023-11-27,,,,,,,documented_secondary,unknown,annual_cited_summary,,https://en.wikipedia.org/wiki/The_Game_Awards_2023#Winners_and_nominees,,voting opened on November 27,,Separate fully public multi-round bracket; start/end refer to the entire bracket.
2024,jury_nominations,,editorial jury,,,,,2024-11-12,,,unknown,documented_secondary,,jury_outlet_interviews,,https://kotaku.com/game-awards-snub-dragon-age-veilguard-eligibility-dates-1851704052,,"According to staffers at jury outlets Kotaku has spoken to, ballots were due on November 12.",Outlet-level internal deadlines could precede Nov 12; jury ballot opening unknown.
2024,jury_winners,,editorial jury,,,,,,,,unknown,unknown,,,,,,,Final jury winner ballots; not the earlier nomination ballots.
2024,public_winners,,awards website,2024-11-18,,,,2024-12-11,18:00,America/Los_Angeles,documented_primary,documented_primary,organizer_press_release,organizer_press_release,https://www.animenewsnetwork.com/press-release/2024-11-14/the-game-awards-2024-nominees-to-be-announced-nov-18-at-9am-pt/.217874,https://www.animenewsnetwork.com/press-release/2024-11-14/the-game-awards-2024-nominees-to-be-announced-nov-18-at-9am-pt/.217874,via authenticated online voting on www.thegameawards.com from November 18th to December 11th at 6 pm PT,via authenticated online voting on www.thegameawards.com from November 18th to December 11th at 6 pm PT,Nominee announcement was scheduled for Nov 18 at 9am PT; the release does not specify the voting site's opening hour.
2024,public_winners,,Discord,,,,2024-11-18,2024-12-11,,,observed_by,documented_secondary,contemporary_report,contemporary_report,https://deadline.com/2024/11/the-game-award-nominations-2024-1236180078/,https://deadline.com/2024/11/the-game-award-nominations-2024-1236180078/,Fans can participate in voting from now through December 11 via The Game Awards’ website and Discord server.,Fans can participate in voting from now through December 11 via The Game Awards’ website and Discord server.,Deadline published Nov 18; Discord-specific opening hour and closing hour not reported.
2024,players_voice,all,awards website,2024-12-02,,,,,,,documented_secondary,unknown,annual_cited_summary,,https://en.wikipedia.org/wiki/The_Game_Awards_2024#Winners_and_nominees,,voting opened on December 2,,Separate fully public multi-round bracket; start/end refer to the entire bracket.
2025,jury_nominations,,editorial jury,,,,,,,,unknown,unknown,,,,,,,Nominee-selection ballots; not the later public winner vote.
2025,jury_winners,,editorial jury,2025-11-18,,,,,,,documented_secondary,unknown,jury_ballot_report,,https://variety.com/2025/gaming/news/game-awards-nominations-2025-list-1236583686/,,"In a statement sent to its jury members Tuesday, along with the final voting ballot",,"Article published Mon Nov 17, updated after Tuesday's Megabonk withdrawal; jury final ballot was sent Nov 18, close unreported."
2025,public_winners,,awards website,,,,2025-11-17,2025-12-10,18:00,America/Los_Angeles,observed_by,documented_secondary,contemporary_report,contemporary_report,https://www.videogameschronicle.com/news/clair-obscur-and-playstation-leads-the-game-awards-2025-nominations/,https://www.videogameschronicle.com/news/clair-obscur-and-playstation-leads-the-game-awards-2025-nominations/,"From today until December 10 at 6 pm PT, fans can vote for their winners in all categories","From today until December 10 at 6 pm PT, fans can vote for their winners in all categories","VGC reported this on Nov 17; 'from today' confirms the day voting was available, not its launch hour."
2025,players_voice,all,awards website,2025-12-01,,,,,,,documented_primary,unknown,organizer_bracket,,https://thegameawards.com/brackets/players-voice,,Round 1 Opens Dec 1,,Three-round bracket. No final closing hour stated on this page.
2025,players_voice,2,awards website,2025-12-04,,,,,,,documented_primary,unknown,organizer_bracket,,https://thegameawards.com/brackets/players-voice,,Round 2 Opens Dec 4,,Round start only; round closing timestamp not published on the page.
2025,players_voice,3,awards website,2025-12-08,,,,,,,documented_primary,unknown,organizer_bracket,,https://thegameawards.com/brackets/players-voice,,Round 3 Opens Dec 8,,Round start only; round closing timestamp not published on the page.
